l_japanese:
 STATE_MINSK: "ミンスク"
 STATE_ALASKA: "アラスカ"
 STATE_WASHINGTON: "南コロンビア"
 STATE_OREGON: "オレゴン"
 STATE_IDAHO: "アイダホ"
 STATE_COLORADO: "コロラド"
 STATE_WYOMING: "ワイオミング"
 STATE_MONTANA: "モンタナ"
 STATE_NORTH_DAKOTA: "ノースダコタ"
 STATE_SOUTH_DAKOTA: "サウスダコタ"
 STATE_NEBRASKA: "ネブラスカ"
 STATE_KANSAS: "カンザス"
 STATE_OKLAHOMA: "オクラホマ"
 STATE_LOUISIANA: "ルイジアナ"
 STATE_ARKANSAS: "アーカンソー"
 STATE_MISSOURI: "ミズーリ"
 STATE_IOWA: "アイオワ"
 STATE_MINNESOTA: "ミネソタ"
 STATE_WISCONSIN: "ウィスコンシン"
 STATE_NEW_YORK: "ニューヨーク"
 STATE_INDIANA: "インディアナ"
 STATE_MICHIGAN: "ミシガン"
 STATE_OHIO: "オハイオ"
 STATE_KENTUCKY: "ケンタッキー"
 STATE_TENNESSEE: "テネシー"
 STATE_MISSISSIPPI: "ミシシッピ"
 STATE_ALABAMA: "アラバマ"
 STATE_FLORIDA: "フロリダ"
 STATE_GEORGIA: "ジョージア"
 STATE_VIRGINIA: "ヴァージニア"
 STATE_DISTRICT_OF_COLUMBIA: "コロンビア特別区"
 STATE_WEST_VIRGINIA: "ウェストヴァージニア"
 STATE_MARYLAND: "メリーランド"
 STATE_DELAWARE: "デラウェア"
 STATE_PENNSYLVANIA: "ペンシルベニア"
 STATE_NEW_JERSEY: "ニュージャージー"
 STATE_ILLINOIS: "イリノイ"
 STATE_MASSACHUSETTS: "マサチューセッツ"
 STATE_NEW_HAMPSHIRE: "ニューハンプシャー"
 STATE_CONNECTICUT: "コネチカット"
 STATE_RHODE_ISLAND: "ロードアイランド"
 STATE_VERMONT: "バーモント"
 STATE_MAINE: "メイン"
 STATE_NORTH_CAROLINA: "ノースカロライナ"
 STATE_TEXAS: "テキサス"
 STATE_YUKON_TERRITORY: "ユーコン準州"
 STATE_NORTHWEST_TERRITORIES: "ノースウェスト準州"
 STATE_NUNAVUT: "ヌナブト"
 STATE_BRITISH_COLUMBIA: "北コロンビア"
 STATE_ALBERTA: "アルバータ"
 STATE_SASKATCHEWAN: "サスカチュワン"
 STATE_MANITOBA: "マニトバ"
 STATE_ONTARIO: "オンタリオ"
 STATE_QUEBEC: "ケベック"
 STATE_NEWFOUNDLAND: "ニューファンドランド"
 STATE_GUATEMALA: "グアテマラ"
 STATE_HONDURAS: "ホンジュラス"
 STATE_NICARAGUA: "ニカラグア"
 STATE_COSTA_RICA: "コスタリカ"
 STATE_PANAMA: "パナマ"
 STATE_CUBA: "キューバ"
 STATE_URUGUAY: "ウルグアイ"
 STATE_ECUADOR: "エクアドル"
 STATE_SANTO_DOMINGO: "サント・ドミンゴ"
 STATE_HAITI: "ハイチ"
 STATE_GOTLAND: "ゴットランド"
 STATE_GOTALAND: "イェータランド"
 STATE_SCANIA: "スコーネ"
 STATE_NORRLAND: "ノールランド"
 STATE_SVEALAND: "スヴェアランド"
 STATE_SICILY: "シチリア"
 STATE_PELOPONNESE: "ペロポネソス"
 STATE_IONIAN_ISLANDS: "イオニア諸島"
 STATE_ALBANIA: "アルバニア"
 STATE_BOSNIA: "ボスニア"
 STATE_NAVARRA: "ナバラ"
 STATE_SOUTHERN_TRANSYLVANIA: "南トランシルヴァニア"
 STATE_HAWAIIAN_ISLANDS: "ハワイ諸島"
 STATE_NORTHERN_TRANSYLVANIA: "北トランシルヴァニア"
 STATE_MOLDAVIA: "モルダヴィア"
 STATE_WALLACHIA: "ワラキア"
 STATE_GALICIA: "ガリシア"
 STATE_ASTURIAS: "アストゥリアス"
 STATE_CASTILE: "カスティーリャ"
 STATE_ARAGON: "アラゴン"
 STATE_CATALONIA: "カタルーニャ"
 STATE_BALEARES: "バレアレス"
 STATE_NEW_SOUTH_WALES: "ニューサウスウェールズ"
 STATE_VICTORIA: "ヴィクトリア"
 STATE_TASMANIA: "タスマニア"
 STATE_QUEENSLAND: "クイーンズランド"
 STATE_SOUTH_AUSTRALIA: "南オーストラリア"
 STATE_WESTERN_AUSTRALIA: "西オーストラリア"
 STATE_NORTHERN_TERRITORY: "ノーザンテリトリー"
 STATE_NORTH_ISLAND: "北島"
 STATE_SOUTH_ISLAND: "南島"
 STATE_WEST_MICRONESIA: "西ミクロネシア"
 STATE_EAST_MICRONESIA: "東ミクロネシア"
 STATE_WEST_JAVA: "西ジャワ"
 STATE_EAST_JAVA: "東ジャワ"
 STATE_CENTRAL_JAVA: "中央ジャワ"
 STATE_CEYLON: "セイロン"
 STATE_URGA: "ウルガ"
 STATE_ULIASTAI: "ウリヤスタイ"
 STATE_OMAN: "オマーン"
 STATE_ABU_DHABI: "休戦海岸"
 STATE_YEMEN: "イエメン"
 STATE_HEDJAZ: "ヒジャーズ"
 STATE_TUNISIA: "チュニジア"
 STATE_GUINEA: "ギニア"
 STATE_GHANA: "ガーナ"
 STATE_TOGO: "トーゴ"
 STATE_DAHOMEY: "ダホメ"
 STATE_DEIR_EZ_ZOR: "デリゾール"
 STATE_GABON: "ガボン"
 STATE_BOTSWANA: "ボツワナ"
 STATE_ZAMBIA: "ザンビア"
 STATE_CAMBODIA: "カンボジア"
 STATE_SAVOY: "サヴォイ"
 STATE_LIBERIA: "リベリア"
 STATE_EMILIA: "エミリア"
 STATE_TUSCANY: "トスカーナ"
 STATE_ROMAGNA: "ロマーニャ"
 STATE_LAZIO: "ラツィオ"
 STATE_NEVADA: "ネバダ"
 STATE_ARIZONA: "アリゾナ"
 STATE_NEW_MEXICO: "ニューメキシコ"
 STATE_CALIFORNIA: "カリフォルニア"
 STATE_BAJA_CALIFORNIA: "バハ・カリフォルニア"
 STATE_SONORA: "ソノラ"
 STATE_CHIHUAHUA: "チワワ"
 STATE_RIO_GRANDE: "リオ・グランデ"
 STATE_GUERRERO: "ゲレーロ"
 STATE_DURANGO: "ドゥランゴ"
 STATE_YUCATAN: "ユカタン"
 STATE_MEXICO: "メキシコ"
 STATE_JALISCO: "ハリスコ"
 STATE_ZACATECAS: "サカテカス"
 STATE_GUAYANA: "ガイアナ"
 STATE_ZULIA: "スリア"
 STATE_MIRANDA: "ミランダ"
 STATE_BOLIVAR: "ボリバル"
 STATE_ANTIOQUIA: "アンティオキア"
 STATE_GUAVIARE: "グアビアーレ"
 STATE_CUNDINAMARCA: "クンディナマルカ"
 STATE_CAUCA: "カウカ"
 STATE_PASTAZA: "パスタサ"
 STATE_CAJAMARCA: "カハマルカ"
 STATE_LIMA: "リマ"
 STATE_ICA: "イカ"
 STATE_AREQUIPA: "アレキパ"
 STATE_AMAZONAS: "アマゾナス"
 STATE_MATO_GROSSO: "マットグロッソ"
 STATE_RIO_GRANDE_DO_SUL: "リオグランデ・ド・スル"
 STATE_PARANA: "パラナ"
 STATE_SAO_PAULO: "サンパウロ"
 STATE_MINAS_GERAIS: "ミナスジェライス"
 STATE_RIO_DE_JANEIRO: "リオデジャネイロ"
 STATE_TAHITI: "タヒチ"
 STATE_TONGA: "トンガ"
 STATE_BAHIA: "バイーア"
 STATE_RIO_GRANDE_DO_NORTE: "リオグランデ・ド・ノルテ"
 STATE_PERNAMBUCO: "ペルナンブーコ"
 STATE_MARANHAO: "マラニョン"
 STATE_PARA: "パラー"
 STATE_ALTO_PARAGUAY: "アルト・パラグアイ"
 STATE_BAJO_PARAGUAY: "バホ・パラグアイ"
 STATE_BUENOS_AIRES: "ブエノスアイレス"
 STATE_PATAGONIA: "パタゴニア"
 STATE_RIO_NEGRO: "メンドーサ"
 STATE_LA_PAMPA: "コルドバ"
 STATE_SANTA_FE: "サンタフェ"
 STATE_CORRIENTES: "コリエンテス"
 STATE_TUCUMAN: "トゥクマン"
 STATE_CHACO: "チャコ"
 STATE_JUJUY: "フフイ"
 STATE_SANTA_CRUZ: "サンタクルス"
 STATE_LA_PAZ: "ラパス"
 STATE_POTOSI: "ポトシ"
 STATE_SANTIAGO: "サンティアゴ"
 STATE_LOS_RIOS: "ロスリオス"
 STATE_ARAUCANIA: "アラウカニア"
 STATE_SOUTH_ATLANTIC_ISLANDS: "南大西洋諸島"
 STATE_ICELAND: "アイスランド"
 STATE_GREENLAND: "グリーンランド"
 STATE_EAST_SAHARA: "東サハラ"
 STATE_MARRAKECH: "マラケシュ"
 STATE_FEZ: "フェズ"
 STATE_AL_RIF: "アル・リーフ"
 STATE_INNER_MOROCCO: "内モロッコ"
 STATE_ORAN: "オラン"
 STATE_WEST_SAHARA: "西サハラ"
 STATE_SAHARA: "サハラ"
 STATE_ALGIERS: "アルジェ"
 STATE_CONSTANTINE: "コンスタンティーヌ"
 STATE_TRIPOLI: "トリポリ"
 STATE_LIBYAN_DESERT: "リビア砂漠"
 STATE_LIBYA: "リビア"
 STATE_UPPER_EGYPT: "上エジプト"
 STATE_EGYPTIAN_DESERT: "エジプト砂漠"
 STATE_LOWER_EGYPT: "下エジプト"
 STATE_MATRUH: "マトルー"
 STATE_MIDDLE_EGYPT: "中央エジプト"
 STATE_SINAI: "シナイ"
 STATE_DONGOLA: "ドンゴラ"
 STATE_KORDOFAN: "コルドファン"
 STATE_DARFUR: "ダルフール"
 STATE_BLUE_NILE: "青ナイル"
 STATE_NEW_BRUNSWICK: "沿海州"
 STATE_NORTH_ANGOLA: "北アンゴラ"
 STATE_SOUTH_ANGOLA: "南アンゴラ"
 STATE_EAST_ANGOLA: "東アンゴラ"
 STATE_INDIAN_OCEAN_TERRITORY: "インド洋地域"
 STATE_LOURENCO_MARQUES: "ロウレンソ・マルケス"
 STATE_MOCAMBIQUE: "モザンビーク"
 STATE_ZAMBEZIA: "ザンベジア"
 STATE_EASTERN_CAPE: "東ケープ"
 STATE_CAPE_COLONY: "ケープ植民地"
 STATE_NORTHERN_CAPE: "北ケープ"
 STATE_HOME_COUNTIES: "ホームカウンティー"
 STATE_LANCASHIRE: "ランカシャー"
 STATE_WALES: "ウェールズ"
 STATE_YORKSHIRE: "ヨークシャー"
 STATE_HIGHLANDS: "ハイランド"
 STATE_MIDLANDS: "ミッドランド"
 STATE_EAST_ANGLIA: "イーストアングリア"
 STATE_WEST_COUNTRY: "ウェストカントリー"
 STATE_LOWLANDS: "ローランド"
 STATE_ULSTER: "アルスター"
 STATE_MUNSTER: "マンスター"
 STATE_LEINSTER: "レンスター"
 STATE_LANGUEDOC: "ラングドック"
 STATE_RHONE: "ローヌ"
 STATE_FRENCH_LOW_COUNTRIES: "フランス低地諸国"
 STATE_PICARDY: "ピカルディー"
 STATE_PROVENCE: "プロヴァンス"
 STATE_ALSACE_LORRAINE: "アルザス＝ロレーヌ"
 STATE_NORMANDY: "ノルマンディー"
 STATE_POITOU: "ポワトゥー＝サントンジュ"
 STATE_GUYENNE: "ギュイエンヌ"
 STATE_AUVERGNE_LIMOUSIN: "オーベルジュ＝リムーザン"
 STATE_BRITTANY: "ブルターニュ"
 STATE_BURGUNDY: "ブルゴーニュ"
 STATE_CHAMPAGNE: "シャンパーニュ"
 STATE_FRANCHE_COMTE: "フランシュ＝コンテ"
 STATE_LORRAINE: "ロレーヌ"
 STATE_AQUITAINE: "アキテーヌ"
 STATE_ORLEANS: "オルレアン＝ベリー"
 STATE_ILE_DE_FRANCE: "イル＝ド＝フランス"
 STATE_ELBE: "エルベ"
 STATE_BEIRA: "ベイラ"
 STATE_ESTREMADURA: "エストレマドゥーラ"
 STATE_ALENTEJO: "アレンテージョ"
 STATE_CAPE_VERDE: "カーボベルデ"
 STATE_MADEIRA: "マデイラ"
 STATE_CANARY_ISLANDS: "カナリア諸島"
 STATE_AZORES: "アゾレス"
 STATE_GRANADA: "東アンダルシア"
 STATE_ANDALUSIA: "西アンダルシア"
 STATE_BADAJOZ: "バダホス"
 STATE_VALENCIA: "バレンシア"
 STATE_TOLEDO: "トレド"
 STATE_WALLONIA: "ワロン"
 STATE_FLANDERS: "フランドル"
 STATE_HOLLAND: "ホランド"
 STATE_FRIESLAND: "フリースラント"
 STATE_GELRE: "ヘルレ"
 STATE_JUTLAND: "ユトランド"
 STATE_ZEALAND: "シェラン"
 STATE_WESTERN_NORWAY: "西ノルウェー"
 STATE_NORTHERN_NORWAY: "北ノルウェー"
 STATE_EASTERN_NORWAY: "東ノルウェー"
 STATE_EAST_SWITZERLAND: "東スイス"
 STATE_WEST_SWITZERLAND: "西スイス"
 STATE_PUERTO_RICO: "プエルトリコ"
 STATE_CRETE: "クレタ"
 STATE_WEST_INDIES: "西インド諸島"
 STATE_BERMUDA: "バミューダ"
 STATE_BAHAMAS: "バハマ"
 STATE_JAMAICA: "ジャマイカ"
 STATE_BALUCHISTAN: "バルーチスターン"
 STATE_ORISSA: "オリッサ"
 STATE_SINDH: "シンド"
 STATE_RAJPUTANA: "ラージプーターナー"
 STATE_CIRCARS: "北サーカーズ"
 STATE_PUNJAB: "パンジャーブ"
 STATE_CENTRAL_PROVINCES: "中央州"
 STATE_MYSORE: "マイソール"
 STATE_TRAVANCORE: "マラバル"
 STATE_MADRAS: "カルナティック"
 STATE_KASHMIR: "カシミール"
 STATE_HYDERABAD: "ハイデラバード"
 STATE_GUJARAT: "グジャラート"
 STATE_MALWA: "マールワー"
 STATE_BOMBAY: "ボンベイ"
 STATE_BIHAR: "ビハール"
 STATE_EAST_BENGAL: "東ベンガル"
 STATE_WEST_BENGAL: "西ベンガル"
 STATE_ASSAM: "アッサム"
 STATE_DELHI: "デリー"
 STATE_AWADH: "アウド"
 STATE_TENASSERIM: "テナセリム"
 STATE_KACHIN: "サガイン"
 STATE_SHAN_STATES: "シャン"
 STATE_PEGU: "ペグー"
 STATE_NORTH_SUMATRA: "北スマトラ"
 STATE_SOUTH_SUMATRA: "南スマトラ"
 STATE_CELEBES: "セレベス"
 STATE_ACEH: "アチェ"
 STATE_WESTERN_NEW_GUINEA: "西ニューギニア"
 STATE_MOLUCCAS: "モルッカ"
 STATE_WEST_BORNEO: "西ボルネオ"
 STATE_EAST_BORNEO: "東ボルネオ"
 STATE_SUNDA_ISLANDS: "スンダ列島"
 STATE_MALAYA: "マラヤ"
 STATE_NORTH_BORNEO: "北ボルネオ"
 STATE_MINDANAO: "ミンダナオ"
 STATE_LUZON: "ルソン"
 STATE_VISAYAS: "ビサヤ"
 STATE_ATTICA: "アッティカ"
 STATE_SKOPIA: "スコピア"
 STATE_MACEDONIA: "マケドニア"
 STATE_THESSALIA: "テッサリア"
 STATE_WESTERN_THRACE: "西トラキア"
 STATE_NORTHERN_THRACE: "北トラキア"
 STATE_BULGARIA: "ブルガリア"
 STATE_DOBRUDJA: "ドブロジャ"
 STATE_SOUTH_MADAGASCAR: "南マダガスカル"
 STATE_NORTH_MADAGASCAR: "北マダガスカル"
 STATE_OROMIA: "オロミア"
 STATE_AMHARA: "アムハラ"
 STATE_GONDER: "ゴンダール"
 STATE_KAZEMBE: "カゼンベ"
 STATE_ERITREA: "エリトリア"
 STATE_SOMALILAND: "ソマリランド"
 STATE_NAMAQUALAND: "ナマクアランド"
 STATE_HEREROLAND: "ヘレロランド"
 STATE_ZAMBEZI: "ザンベジ"
 STATE_KENYA: "ケニア"
 STATE_RIFT_VALLEY: "リフトバレー"
 STATE_CHAD: "チャド"
 STATE_WADDAI: "ワッダイ"
 STATE_LINDI: "リンディ"
 STATE_ZANZIBAR: "ザンジバル"
 STATE_TANGANYIKA: "タンガニーカ"
 STATE_MAURITANIA: "モーリタニア"
 STATE_INNER_MAURITANIA: "内モーリタニア"
 STATE_EASTERN_MALI: "東マリ"
 STATE_WESTERN_MALI: "西マリ"
 STATE_TIMBUKTU: "ティンブクトゥ"
 STATE_HAUSALAND: "ハウサランド"
 STATE_BENIN: "ベナン"
 STATE_YORUBA_STATES: "ヨルバ州"
 STATE_NIGER_DELTA: "ニジェール・デルタ"
 STATE_OUTER_HAUSALAND: "外ハウサランド"
 STATE_NIGER: "ニジェール"
 STATE_BORNU: "ボルヌ"
 STATE_NIGERIA: "ナイジェリア"
 STATE_EAST_HAUSALAND: "東ハウサランド"
 STATE_KATANGA: "カタンガ"
 STATE_CONGO_ORIENTALE: "東コンゴ" #Congo Orientale
 STATE_KASAI: "カサイ"
 STATE_BAS_CONGO: "バ・コンゴ"
 STATE_EQUATEUR: "エクアトゥール"
 STATE_UGANDA: "ウガンダ"
 STATE_EQUATORIA: "エクアトリア"
 STATE_VOLTA: "ヴォルタ"
 STATE_NORTH_CAMEROON: "北カメルーン"
 STATE_SOUTH_CAMEROON: "南カメルーン"
 STATE_UBANGI_SHARI: "ウバンギ・シャリ"
 STATE_CONGO: "コンゴ"
 STATE_IVORY_COAST: "象牙海岸"
 STATE_WINDWARD_COAST: "ウィンドワード・コースト"
 STATE_SENEGAL: "セネガル"
 STATE_GAMBIA: "ガンビア"
 STATE_SIERRA_LEONE: "シエラレオネ"
 STATE_ZULULAND: "ズールーランド"
 STATE_VRYSTAAT: "フレイスタート"
 STATE_TRANSVAAL: "トランスヴァール"
 STATE_EASTERN_NEW_GUINEA: "東ニューギニア"
 STATE_MELANESIA: "メラネシア"
 STATE_FIJI: "フィジー"
 STATE_VANUATU: "バヌアツ"
 STATE_KANAK: "カナック"
 STATE_BOUGAINVILLE: "ブーゲンビル"
 STATE_SOLOMON_ISLANDS: "ソロモン諸島"
 STATE_NAURU: "ナウル"
 STATE_HAIL: "ハーイル"
 STATE_NEJD: "ナジュド"
 STATE_TRANSJORDAN: "トランスヨルダン"
 STATE_PALESTINE: "パレスチナ"
 STATE_LEBANON: "レバノン"
 STATE_SYRIA: "シリア"
 STATE_ALEPPO: "アレッポ"
 STATE_BAGHDAD: "バグダード"
 STATE_BASRA: "バスラ"
 STATE_MOSUL: "モースル"
 STATE_LARISTAN: "ホルムズ"
 STATE_KERMAN: "ケルマーン"
 STATE_SISTAN: "バンプール"
 STATE_KHORASAN: "ホラーサーン"
 STATE_KHUZESTAN: "アラビスタン"
 STATE_FARS: "ファールス"
 STATE_ISFAHAN: "エスファハーン"
 STATE_MAZANDARAN: "マーザンダラーン"
 STATE_IRAKAJEMI: "エラクエ・アジャミ"
 STATE_SEMNAN: "セムナーン"
 STATE_TABRIZ: "タブリーズ"
 STATE_URMIA: "ウルミア"
 STATE_LURISTAN: "ロレスターン"
 STATE_PERSIAN_KURDISTAN: "ペルシャ・クルディスタン"
 STATE_ARMENIA: "アルメニア"
 STATE_AZERBAIJAN: "バクー"
 STATE_GREATER_CAUCASUS: "チフリス"
 STATE_MONTENEGRO: "モンテネグロ"
 STATE_NORTHERN_SERBIA: "北セルビア"
 STATE_SOUTHERN_SERBIA: "南セルビア"
 STATE_EASTERN_THRACE: "東トラキア"
 STATE_HUDAVENDIGAR: "ヒュダヴェンディギャール"
 STATE_AYDIN: "アイドゥン"
 STATE_KONYA: "コンヤ"
 STATE_KASTAMONU: "カスタモヌ"
 STATE_CYPRUS: "キプロス"
 STATE_TRABZON: "トラブゾン"
 STATE_WEST_AEGEAN_ISLANDS: "西エーゲ海諸島"
 STATE_EAST_AEGEAN_ISLANDS: "東エーゲ海諸島"
 STATE_ANKARA: "アンカラ"
 STATE_KANDAHAR: "カンダハル"
 STATE_QUETTA: "クエッタ"
 STATE_NORTHERN_BALUCHISTAN: "北バルーチスターン"
 STATE_HERAT: "ヘラート"
 STATE_BALKH: "南トルキスタン"
 STATE_BADAKHSHAN: "バダフシャーン"
 STATE_DIYARBAKIR: "ディヤルバクル"
 STATE_ERZURUM: "エルズルム"
 STATE_KARS: "カルス"
 STATE_KABUL: "カブリスタン"
 STATE_CENTRAL_HIGHLANDS: "ハザリスタン"
 STATE_BANGKOK: "バンコク"
 STATE_MEKONG: "メコン"
 STATE_TONKIN: "トンキン"
 STATE_ANNAM: "アンナム"
 STATE_LAOS: "ラオス"
 STATE_CHIANG_MAI: "チェンマイ"
 STATE_NAKHON_RATCHASIMA: "ナコーンラーチャシーマー"
 STATE_SEOUL: "京畿"
 STATE_BUSAN: "嶺南"
 STATE_SARIWON: "関北"
 STATE_PYONGYANG: "両西"
 STATE_YANGHO: "両湖"
 STATE_HOKKAIDO: "北海道"
 STATE_TOHOKU: "東北"
 STATE_KANTO: "関東"
 STATE_CHUBU: "中部"
 STATE_KANSAI: "関西"
 STATE_KYUSHU: "九州"
 STATE_RYUKYU_ISLANDS: "琉球諸島"
 STATE_CHUGOKU: "中国"
 STATE_SHIKOKU: "四国"
 STATE_LHASA: "ラサ"
 STATE_NGARI: "ガリ"
 STATE_HIMALAYAS: "西ヒマラヤ"
 STATE_EASTERN_HIMALAYAS: "東ヒマラヤ"
 STATE_DZUNGARIA: "ジュンガリア"
 STATE_TIANSHAN: "タリム盆地"
 STATE_SICHUAN: "四川"
 STATE_YUNNAN: "雲南"
 STATE_GUIZHOU: "貴州"
 STATE_SHAOZHOU: "広東東部"
 STATE_HINGGAN: "内モンゴル"
 STATE_ALXA: "アルシャー"
 STATE_GUANGXI: "広西"
 STATE_SOUTHERN_MANCHURIA: "南吉林"
 STATE_NORTHERN_MANCHURIA: "南黒竜江"
 STATE_SHANDONG: "山東"
 STATE_BEIJING: "北京"
 STATE_SHANXI: "山西"
 STATE_XIAN: "西安"
 STATE_NINGXIA: "寧夏"
 STATE_GANSU: "甘粛"
 STATE_QINGHAI: "青海"
 STATE_CHONGQING: "重慶"
 STATE_GUANGDONG: "広東西部"
 STATE_FUJIAN: "福建"
 STATE_ZHEJIANG: "浙江"
 STATE_SUZHOU: "蘇州"
 STATE_JIANGSU: "江蘇"
 STATE_NANJING: "南京"
 STATE_HENAN: "河南"
 STATE_ZHILI: "河北"
 STATE_JIANGXI: "江西"
 STATE_SOUTHERN_ANHUI: "南安徽"
 STATE_NORTHERN_ANHUI: "北安徽"
 STATE_WESTERN_HUBEI: "西湖北"
 STATE_EASTERN_HUBEI: "東湖北"
 STATE_HUNAN: "湖南"
 STATE_FORMOSA: "台湾"
 STATE_OSTROBOTHNIA: "ポフヤンマー"
 STATE_WEST_KARELIA: "西カレリア"
 STATE_CHUKOTKA: "チュクチ"
 STATE_NENETSIA: "ネネツ"
 STATE_EAST_KARELIA: "東カレリア"
 STATE_ARKHANGELSK: "アルハンゲリスク"
 STATE_TARTARIA: "サラトフ"
 STATE_OUTER_MANCHURIA: "北吉林"
 STATE_UZBEKIA: "ウズベキスタン"
 STATE_KHIVA: "ホラスミア"
 STATE_TAJIKISTAN: "タジキスタン"
 STATE_KIRGHIZIA: "キルギス"
 STATE_URALSK: "ウラリスク"
 STATE_TURKMENIA: "トルクメン"
 STATE_SEMIRECHE: "セミパラチンスク"
 STATE_AKMOLINSK: "アクモリンスク"
 STATE_KAMCHATKA: "カムチャツカ"
 STATE_OKHOTSK: "オホーツク"
 STATE_YAKUTSK: "ヤクーツク"
 STATE_TRANS_BAIKAL: "チタ"
 STATE_IRKUTSK: "イルクーツク"
 STATE_TOMSK: "トムスク"
 STATE_TOBOLSK: "トボリスク"
 STATE_UPPER_YENISEYSK: "上エニセイスク"
 STATE_OB: "オビ"
 STATE_URAL: "ウラル"
 STATE_SAMARA: "サマーラ"
 STATE_KAZAN: "カザン"
 STATE_PERM: "ペルミ"
 STATE_GALICH: "ヴォログダ"
 STATE_TVER: "トヴェリ"
 STATE_MOSCOW: "モスクワ"
 STATE_DAGESTAN: "ダゲスタン"
 STATE_KUBAN: "クバーニ"
 STATE_ASTRAKHAN: "アストラハン"
 STATE_ROSTOV: "ロストフ"
 STATE_CRIMEA: "クリミア"
 STATE_KHARKOV: "ハルキウ"
 STATE_KURSK: "クルスク"
 STATE_NOVGOROD: "ノヴゴロド"
 STATE_INGRIA: "イングリア"
 STATE_CHERSON: "オデッサ"
 STATE_BESSARABIA: "ベッサラビア"
 STATE_SMOLENSK: "スモレンスク"
 STATE_CAMPANIA: "カンパニア"
 STATE_CALABRIA: "カラブリア"
 STATE_ABRUZZO: "アブルッツォ"
 STATE_APULIA: "プッリャ"
 STATE_WEST_GALICIA: "西ガリツィア"
 STATE_EAST_GALICIA: "東ガリツィア"
 STATE_EAST_SLOVAKIA: "東スロバキア"
 STATE_WEST_SLOVAKIA: "西スロバキア"
 STATE_DALMATIA: "ダルマチア"
 STATE_CROATIA: "クロアチア"
 STATE_SLAVONIA: "スラヴォニア"
 STATE_BEKES: "ベーケーシュ"
 STATE_TRANSDANUBIA: "ドゥナーントゥール"
 STATE_ISTRIA: "イストリア"
 STATE_VENETIA: "ヴェネツィア"
 STATE_LOMBARDY: "ロンバルディア"
 STATE_BOHEMIA: "ボヘミア"
 STATE_MORAVIA: "モラヴィア"
 STATE_CENTRAL_HUNGARY: "中央ハンガリー"
 STATE_STYRIA: "シュタイアーマルク"
 STATE_TYROL: "チロル"
 STATE_AUSTRIA: "オーストリア"
 STATE_SOUTH_TYROL: "南チロル"
 STATE_SLOVENIA: "スロベニア"
 STATE_DELVIDEK: "デールヴィデーク"
 STATE_POSEN: "ポーゼン"
 STATE_WESTPHALIA: "ヴェストファーレン"
 STATE_ANHALT: "アンハルト"
 STATE_POMERANIA: "ポメラニア"
 STATE_WEST_PRUSSIA: "西プロイセン"
 STATE_EAST_PRUSSIA: "東プロイセン"
 STATE_RHINELAND: "ラインラント"
 STATE_NORTH_RHINE: "北ライン"
 STATE_SILESIA: "シレジア"
 STATE_BRANDENBURG: "ブランデンブルク"
 STATE_SCHLESWIG_HOLSTEIN: "シュレースヴィヒ＝ホルシュタイン"
 STATE_WURTTEMBERG: "ヴュルテンベルク"
 STATE_BADEN: "バーデン"
 STATE_HANNOVER: "ハノーファー"
 STATE_NASSAU: "ナッサウ"
 STATE_BAVARIA: "バイエルン"
 STATE_FRANCONIA: "フランケン"
 STATE_SAXONY: "ザクセン"
 STATE_HESSE: "ヘッセ"
 STATE_BRUNSWICK: "ブラウンシュヴァイク"
 STATE_GREATER_POLAND: "ワルシャワ"
 STATE_LESSER_POLAND: "ルブリン"
 STATE_PIEDMONT: "ピエモンテ"
 STATE_SARDINIA: "サルデーニャ"
 STATE_SAKHALIN: "サハリン"
 STATE_TARAPACA: "タラパカ"
 STATE_ANTOFAGASTA: "アントファガスタ"
 STATE_BREST: "フロドナ"
 STATE_MAZOVIA: "プウォツク"
 STATE_VOLHYNIA: "ヴォルィーニ"
 STATE_KIEV: "キーウ"
 STATE_RIAU_ISLANDS: "リアウ諸島"
 STATE_MECKLENBURG: "メクレンブルク"
 STATE_MALTA: "マルタ"
 STATE_UMBRIA: "ウンブリア"
 STATE_BANAT: "バナト"
 STATE_CORSICA: "コルシカ"
 STATE_PASHTUNISTAN: "パシュトゥーニスタン"
 STATE_UTAH: "ユタ"
 STATE_SOUTH_CAROLINA: "サウスカロライナ"
 STATE_CHIAPAS: "チアパス"
 STATE_SAN_SALVADOR: "サンサルバドル"
 STATE_ADANA: "アダナ"
 STATE_CONNAUGHT: "コノート"
 STATE_TUVA: "トゥバ"
 STATE_MASCARENES: "マスカリン"
 STATE_HAWAIIAN_SEAMOUNT_CHAIN: "ハワイ海山群"
 STATE_MICRONESIAN_SEA: "ミクロネシア海"
 STATE_SOUTH_PACIFIC_LANE_1: "南太平洋"
 STATE_SOUTH_PACIFIC_LANE_2: "南太平洋"
 STATE_EASTER_ISLAND_LANE_1: "南太平洋"
 STATE_EASTER_ISLAND_LANE_2: "南太平洋"
 STATE_EASTER_ISLAND_LANE_3: "南太平洋"
 STATE_PACIFIC_LANE_01: "太平洋"
 STATE_PACIFIC_LANE_02: "太平洋"
 STATE_PACIFIC_LANE_03: "太平洋"
 STATE_PACIFIC_LANE_04: "太平洋"
 STATE_PACIFIC_LANE_05: "太平洋"
 STATE_PACIFIC_LANE_06: "太平洋"
 STATE_SOUTHERN_OCEAN: "南極海"
 STATE_FAROE_BANK: "フェロー堆"
 STATE_GULF_OF_MAINE: "メイン湾"
 STATE_HORN_OF_AFRICA: "アフリカの角"
 STATE_DAVIS_STRAIT: "デービス海峡"
 STATE_GALAPAGOS_RISE: "ガラパゴス海膨"
 STATE_EASTERN_CARIBBEAN_SEA: "東カリブ海"
 STATE_WESTERN_CARIBBEAN_SEA: "西カリブ海"
 STATE_WESTERN_MEDITERRANEAN_SEA: "西地中海"
 STATE_CENTRAL_MEDITERRANEAN_SEA: "中央地中海"
 STATE_EASTERN_MEDITERRANEAN_SEA: "東地中海"
 STATE_ARCTIC_OCEAN: "北極海"
 STATE_NORTH_ATLANTIC_01: "北大西洋"
 STATE_NORTH_ATLANTIC_02: "北大西洋"
 STATE_NORTH_ATLANTIC_03: "北大西洋"
 STATE_NORTH_ATLANTIC_04: "北大西洋"
 STATE_NORTH_ATLANTIC_05: "北大西洋"
 STATE_NORTH_ATLANTIC_06: "北大西洋"
 STATE_NORTH_ATLANTIC_07: "北大西洋"
 STATE_NORTH_ATLANTIC_08: "北大西洋"
 STATE_NORTH_ATLANTIC_09: "北大西洋"
 STATE_NORTH_ATLANTIC_10: "北大西洋"
 STATE_NORTH_ATLANTIC_11: "北大西洋"
 STATE_ATLANTIC_OCEAN_01: "大西洋"
 STATE_ATLANTIC_OCEAN_02: "大西洋"
 STATE_ATLANTIC_OCEAN_03: "大西洋"
 STATE_ATLANTIC_OCEAN_04: "大西洋"
 STATE_ATLANTIC_OCEAN_05: "大西洋"
 STATE_WEST_AFRICAN_COAST: "西アフリカ沿岸"
 STATE_SOUTH_ATLANTIC_SEA_LANE_01: "南大西洋"
 STATE_SOUTH_ATLANTIC_SEA_LANE_02: "南大西洋"
 STATE_SOUTH_ATLANTIC_SEA_LANE_03: "南大西洋"
 STATE_SOUTH_ATLANTIC_SEA_LANE_04: "南大西洋"
 STATE_SOUTH_ATLANTIC_SEA_LANE_05: "南大西洋"
 STATE_SOUTH_ATLANTIC_SEA_LANE_06: "南大西洋"
 STATE_SOUTH_ATLANTIC_SEA_LANE_08: "南大西洋"
 STATE_COAST_OF_SAINT_HELENA: "アセンション島沿岸"
 STATE_INDIAN_OCEAN_LANE_01: "インド洋"
 STATE_INDIAN_OCEAN_LANE_02: "インド洋"
 STATE_INDIAN_OCEAN_LANE_03: "インド洋"
 STATE_INDIAN_OCEAN_LANE_04: "インド洋"
 STATE_INDIAN_OCEAN_LANE_05: "インド洋"
 STATE_INDIAN_OCEAN_LANE_06: "インド洋"
 STATE_EASTER_ISLAND: "イースター島"
 STATE_EASTERN_POLYNESIA: "東ポリネシア"
 STATE_NATAL_COAST: "ナタール沿岸"
 STATE_NORTH_ATLANTIC_OCEAN_01: "北大西洋"
 STATE_NORTH_ATLANTIC_OCEAN_02: "北大西洋"
 STATE_NORTH_ATLANTIC_OCEAN_03: "北大西洋"
 STATE_NORTH_ATLANTIC_OCEAN_04: "北大西洋"
 STATE_NORTH_ATLANTIC_OCEAN_05: "北大西洋"
 STATE_NORTH_ATLANTIC_OCEAN_06: "北大西洋"
 STATE_SOUTH_ATLANTIC_OCEAN_01: "南大西洋"
 STATE_SOUTH_ATLANTIC_OCEAN_02: "南大西洋"
 STATE_SOUTH_ATLANTIC_OCEAN_03: "南大西洋"
 STATE_SOUTH_ATLANTIC_OCEAN_04: "南大西洋"
 STATE_SOUTH_ATLANTIC_OCEAN_05: "南大西洋"
 STATE_SOUTH_ATLANTIC_OCEAN_06: "南大西洋"
 STATE_SOUTHERN_OCEAN_01: "南極海"
 STATE_SOUTHERN_OCEAN_02: "南極海"
 STATE_INDIAN_OCEAN_01: "インド洋"
 STATE_INDIAN_OCEAN_02: "インド洋"
 STATE_INDIAN_OCEAN_03: "インド洋"
 STATE_NORTH_PACIFIC_OCEAN_01: "北太平洋"
 STATE_NORTH_PACIFIC_OCEAN_02: "北太平洋"
 STATE_NORTH_PACIFIC_OCEAN_03: "北太平洋"
 STATE_NORTH_PACIFIC_OCEAN_04: "北太平洋"
 STATE_NORTH_PACIFIC_OCEAN_05: "北太平洋"
 STATE_NORTH_PACIFIC_OCEAN_06: "北太平洋"
 STATE_NORTH_PACIFIC_OCEAN_07: "北太平洋"
 STATE_NORTH_PACIFIC_OCEAN_08: "北太平洋"
 STATE_NORTH_PACIFIC_OCEAN_09: "北太平洋"
 STATE_NORTH_PACIFIC_OCEAN_10: "北太平洋"
 STATE_NORTH_PACIFIC_OCEAN_11: "北太平洋"
 STATE_SOUTH_PACIFIC_OCEAN_01: "南太平洋"
 STATE_SOUTH_PACIFIC_OCEAN_02: "南太平洋"
 STATE_SOUTH_PACIFIC_OCEAN_03: "南太平洋"
 STATE_SOUTH_PACIFIC_OCEAN_04: "南太平洋"
 STATE_SOUTH_PACIFIC_OCEAN_05: "南太平洋"
 STATE_SOUTH_PACIFIC_OCEAN_06: "南太平洋"
 STATE_SOUTH_PACIFIC_OCEAN_07: "南太平洋"
 STATE_SOUTH_PACIFIC_OCEAN_08: "南太平洋"
 STATE_SOUTH_PACIFIC_OCEAN_09: "南太平洋"
 STATE_PACIFIC_SEABOARD_01: "太平洋沿岸"
 STATE_PACIFIC_SEABOARD_02: "太平洋沿岸"
 STATE_BARENTS_SEA: "バレンツ海"
 STATE_ARCTIC_OCEAN_01: "北極海"
 STATE_ARCTIC_OCEAN_02: "北極海"
 STATE_ARCTIC_OCEAN_04: "北極海"
 STATE_ARCTIC_OCEAN_05: "北極海"
 STATE_ARCTIC_OCEAN_06: "北極海"
 STATE_ARCTIC_OCEAN_07: "北極海"
 STATE_ALAND: "オーランド"
 STATE_MANDALAY: "マンダレー"
 STATE_NORTH_PHILIPPINES_SEA: "北フィリピン海"
 STATE_SOUTH_PHILIPPINES_SEA: "南フィリピン海"
 STATE_PATAGONIAN_LAKES: "パタゴニア湖"
 STATE_LAKE_NICARAGUA: "ニカラグア湖"
 STATE_GOIAS: "ゴイアス"
 STATE_ACRE: "アクレ"
 STATE_PIAUI: "ピアウイ"
 STATE_CEARA: "セアラー"
 STATE_PARAIBA: "パライバ"
 STATE_SANTA_CATARINA: "サンタカタリーナ"
 STATE_VERACRUZ: "ベラクルス"
 STATE_SINALOA: "シナロア"
 STATE_BAJIO: "バヒオ"
 STATE_OAXACA: "オアハカ"
 STATE_SHENGJING: "盛京"
 STATE_JETISY: "イリ"
 STATE_RUHR: "ルール"
 STATE_MAINE_ANJOU: "メーヌ＝アンジュー"
 STATE_VILNIUS: "ヴィルニュス"
 STATE_COURLAND: "クールラント"
 STATE_TARTU: "北リボニア"
 STATE_TALINN: "タリン"
 STATE_RIGA: "南リボニア"
 STATE_KAUNAS: "カウナス"
 STATE_FERGANA: "フェルガナ"
 STATE_MERZ: "メルブ"
 STATE_SYRDARYA: "シルダリヤ"
 STATE_AKTOBE: "アクトベ"
 STATE_KALMYKIA: "カルムイク"
 STATE_NORTH_CAUCASUS: "北コーカサス"
 STATE_TAURIDA: "アレクサンドロフスク"
 STATE_TAMBOV: "タンボフ"
 STATE_RYAZAN: "リャザン"
 STATE_VITEBSK: "ヴィーツェプスク"
 STATE_PSKOV: "プスコフ"
 STATE_YAROSLAVL: "ヤロスラヴリ"
 STATE_NIZHNY_NOVGOROD: "ニジニ・ノヴゴロド"
 STATE_VYATKA: "ヴャトカ"
 STATE_UFA: "ウファ"
 STATE_SURGUT: "スルグト"
 STATE_KRASNOYARSK: "クラスノヤルスク"
 STATE_ALTAI: "アルタイ"
 STATE_BURYATIA: "ブリヤーティア"
 STATE_KOLYMA: "コルィマ"
 STATE_AMUR: "北黒竜江"
 STATE_CHELYABINSK: "チェリャビンスク"
 STATE_KUOPIO: "クオピオ"
 STATE_OULU: "オウル"
 STATE_UUSIMAA: "ウーシマー"
 STATE_KOLA: "コラ"
 STATE_MOGILEV: "マヒリョウ"
 STATE_ORYOL: "トゥーラ"
 STATE_ELIZAVETPOL: "エリザベトポリ"
 STATE_STAVROPOL: "スタヴロポリ"
 STATE_CHUVASHIA: "チェボクサル"
 STATE_CHERNIHIV: "チェルニヒウ"
 STATE_ARAKAN: "アラカン"
 STATE_AGRA: "アーグラ"
 STATE_BUNDELKHAND: "ブンデールカンド"
 STATE_HILL_PUNJAB: "パンジャーブ丘"
 STATE_KURNOOL: "割譲地区"
