l_english:
 ### Dnieper Strategic Region

 # Kyiv - Ukrainian by default
 STATE_KIEV_russian: "Kiev"
 HUB_NAME_STATE_KIEV_city_russian: "Kiev"
 HUB_NAME_STATE_KIEV_farm_russian: "Zhitomir"
 HUB_NAME_STATE_KIEV_wood_russian: "Vinnitsa"

 # Volhynia - Ukrainian by default
 STATE_VOLHYNIA_russian: "Volhynia"
 HUB_NAME_STATE_VOLHYNIA_city_russian: "$HUB_NAME_STATE_VOLHYNIA_city$"
 HUB_NAME_STATE_VOLHYNIA_port_russian: ""
 HUB_NAME_STATE_VOLHYNIA_mine_russian: "$HUB_NAME_STATE_VOLHYNIA_mine$"
 HUB_NAME_STATE_VOLHYNIA_farm_russian: "$HUB_NAME_STATE_VOLHYNIA_farm$"
 HUB_NAME_STATE_VOLHYNIA_wood_russian: "Rovno"

 # Cherson - Ukrainian by default
 STATE_CHERSON_russian: "Kherson"
 HUB_NAME_STATE_CHERSON_city_russian: "$HUB_NAME_STATE_CHERSON_city$"
 HUB_NAME_STATE_CHERSON_port_russian: "Odessa"
 HUB_NAME_STATE_CHERSON_mine_russian: "Krivoy Rog"
 HUB_NAME_STATE_CHERSON_farm_russian: "Nikolayev"
 HUB_NAME_STATE_CHERSON_wood_russian: "Yekaterinoslav"

 # Kharkov - Ukrainian by default
 STATE_KHARKOV_russian: "Kharkov"
 HUB_NAME_STATE_KHARKOV_city_russian: "Kharkov"
 HUB_NAME_STATE_KHARKOV_port_russian: ""
 HUB_NAME_STATE_KHARKOV_mine_russian: "$HUB_NAME_STATE_KHARKOV_mine$"
 HUB_NAME_STATE_KHARKOV_farm_russian: "$HUB_NAME_STATE_KHARKOV_farm$"
 HUB_NAME_STATE_KHARKOV_wood_russian: "$HUB_NAME_STATE_KHARKOV_wood$"

 # Taurida - Ukrainian by default
 STATE_TAURIDA_russian: "Taurida"
 HUB_NAME_STATE_TAURIDA_city_russian: "Aleksandrovsk"
 HUB_NAME_STATE_TAURIDA_mine_russian: "Lugansk"
 HUB_NAME_STATE_TAURIDA_port_russian: "$HUB_NAME_STATE_TAURIDA_port$"
 HUB_NAME_STATE_TAURIDA_farm_russian: "$HUB_NAME_STATE_TAURIDA_farm$"
 HUB_NAME_STATE_TAURIDA_wood_russian: "$HUB_NAME_STATE_TAURIDA_wood$"

 # Crimea - Ukrainian by default
 STATE_CRIMEA_russian: "Crimea"
 HUB_NAME_STATE_CRIMEA_city_russian: "$HUB_NAME_STATE_CRIMEA_city$"
 HUB_NAME_STATE_CRIMEA_port_russian: "$HUB_NAME_STATE_CRIMEA_port$"
 HUB_NAME_STATE_CRIMEA_mine_russian: "$HUB_NAME_STATE_CRIMEA_mine$"
 HUB_NAME_STATE_CRIMEA_farm_russian: "Yevpatoriya"
 HUB_NAME_STATE_CRIMEA_wood_russian: "Feodosiya"

 STATE_CRIMEA_tatar: "Qurum"
 HUB_NAME_STATE_CRIMEA_city_tatar: "Aqmescit"
 HUB_NAME_STATE_CRIMEA_port_tatar: "Aqyar"
 HUB_NAME_STATE_CRIMEA_mine_tatar: "Keriç"
 HUB_NAME_STATE_CRIMEA_farm_tatar: "Kezlev"
 HUB_NAME_STATE_CRIMEA_wood_tatar: "Kefe"

 # Chernihiv - Ukrainian by default
 STATE_CHERNIHIV_russian: "Chernigov"
 HUB_NAME_STATE_CHERNIHIV_city_russian: "Chernigov"
 HUB_NAME_STATE_CHERNIHIV_port_russian: ""
 HUB_NAME_STATE_CHERNIHIV_mine_russian: "Novozybkov"
 HUB_NAME_STATE_CHERNIHIV_farm_russian: "$HUB_NAME_STATE_CHERNIHIV_farm$"
 HUB_NAME_STATE_CHERNIHIV_wood_russian: "$HUB_NAME_STATE_CHERNIHIV_wood$"

 ### Belarus Strategic Region

 # Grodno - Belarusian by default
 STATE_BREST_russian: "Grodno"
 HUB_NAME_STATE_BREST_city_russian: "Grodno"
 HUB_NAME_STATE_BREST_port_russian: ""
 HUB_NAME_STATE_BREST_mine_russian: "$HUB_NAME_STATE_BREST_mine$"
 HUB_NAME_STATE_BREST_farm_russian: "Brest-Litovsk"
 HUB_NAME_STATE_BREST_wood_russian: "Oshmyany"

 # Minsk - Belarusian by default
 STATE_MINSK_russian: "Minsk"
 HUB_NAME_STATE_MINSK_city_russian: "$HUB_NAME_STATE_MINSK_city$"
 HUB_NAME_STATE_MINSK_port_russian: ""
 HUB_NAME_STATE_MINSK_mine_russian: "Koydanov"
 HUB_NAME_STATE_MINSK_farm_russian: "Slutsk"
 HUB_NAME_STATE_MINSK_wood_russian: "Borisov"

 # Mogilev - Belarusian by default
 STATE_MOGILEV_russian: "Mogilev"
 HUB_NAME_STATE_MOGILEV_city_russian: "Mogilev"
 HUB_NAME_STATE_MOGILEV_port_russian: ""
 HUB_NAME_STATE_MOGILEV_mine_russian: "Gomel"
 HUB_NAME_STATE_MOGILEV_farm_russian: "Orsha"
 HUB_NAME_STATE_MOGILEV_wood_russian: "Rogachev"

 # Vitebsk - Belarusian by default
 STATE_VITEBSK_russian: "Vitebsk"
 HUB_NAME_STATE_VITEBSK_city_russian: "Vitebsk"
 HUB_NAME_STATE_VITEBSK_port_russian: ""
 HUB_NAME_STATE_VITEBSK_mine_russian: "Gorodok"
 HUB_NAME_STATE_VITEBSK_farm_russian: "Polotsk"
 HUB_NAME_STATE_VITEBSK_wood_russian: "Lepel"

 ### Poland Strategic Region

 # Posen - German by default
 STATE_POSEN_polish: "Poznań"
 HUB_NAME_STATE_POSEN_city_polish: "Poznań"
 HUB_NAME_STATE_POSEN_port_russian: ""
 HUB_NAME_STATE_POSEN_mine_polish: "Leszno"
 HUB_NAME_STATE_POSEN_farm_polish: "Bydgoszcz"
 HUB_NAME_STATE_POSEN_wood_polish: "Nowy Tomyśl"

 # Warsawza - Polish by default
 STATE_GREATER_POLAND_german: "Warschau"
 HUB_NAME_STATE_GREATER_POLAND_city_german: "Warschau"
 HUB_NAME_STATE_GREATER_POLAND_port_russian: ""
 HUB_NAME_STATE_GREATER_POLAND_mine_german: "Lodsch"
 HUB_NAME_STATE_GREATER_POLAND_farm_german: "Radom"
 HUB_NAME_STATE_GREATER_POLAND_wood_german: "Tschenstochau"

 # Lublin - Polish by default
 STATE_LESSER_POLAND_german: "Lublin"
 HUB_NAME_STATE_LESSER_POLAND_city_german: "Lublin"
 HUB_NAME_STATE_LESSER_POLAND_port_german: ""
 HUB_NAME_STATE_LESSER_POLAND_mine_german: "Siedlce"
 HUB_NAME_STATE_LESSER_POLAND_farm_german: "Cholm"
 HUB_NAME_STATE_LESSER_POLAND_wood_german: "Biala Podlaska"

 # Mazovia - Polish by default
 STATE_MAZOVIA_german: "Plotsk"
 HUB_NAME_STATE_MAZOVIA_city_german: "Plotsk"
 HUB_NAME_STATE_MAZOVIA_port_german: ""
 HUB_NAME_STATE_MAZOVIA_mine_german: "Mielau"
 HUB_NAME_STATE_MAZOVIA_farm_german: "Lomscha"
 HUB_NAME_STATE_MAZOVIA_wood_german: "Bialystok"

 # West Galicia - Polish by default
 STATE_WEST_GALICIA_german: "Westgalizien"
 HUB_NAME_STATE_WEST_GALICIA_city_german: "Krakau"
 HUB_NAME_STATE_WEST_GALICIA_port_german: ""
 HUB_NAME_STATE_WEST_GALICIA_mine_german: "Jaroslau"
 HUB_NAME_STATE_WEST_GALICIA_farm_german: "Resze"
 HUB_NAME_STATE_WEST_GALICIA_wood_german: "Tarnau"

 STATE_WEST_GALICIA_polish: "Galicja Zachodnia"

 # East Galicia - Ukrainian by default
 STATE_EAST_GALICIA_german: "Ostgalizien"
 HUB_NAME_STATE_EAST_GALICIA_city_german: "Lemberg"
 HUB_NAME_STATE_EAST_GALICIA_port_german: ""
 HUB_NAME_STATE_EAST_GALICIA_mine_german: "Kolomea"
 HUB_NAME_STATE_EAST_GALICIA_farm_german: "Stanislau"
 HUB_NAME_STATE_EAST_GALICIA_wood_german: "Stryj"

 STATE_EAST_GALICIA_polish: "Galicja Wschodnia"
 HUB_NAME_STATE_EAST_GALICIA_city_polish: "Lwów"
 HUB_NAME_STATE_EAST_GALICIA_port_polish: ""
 HUB_NAME_STATE_EAST_GALICIA_mine_polish: "Kołomyja"
 HUB_NAME_STATE_EAST_GALICIA_farm_polish: "Stanisławów"
 HUB_NAME_STATE_EAST_GALICIA_wood_polish: "Stryj"

 STATE_EAST_GALICIA_ukrainian: "Lviv"

 # Lower Silesia - German by default
 STATE_LOWER_SILESIA_polish: "Dolny Śląsk"
 HUB_NAME_STATE_LOWER_SILESIA_city_polish: "Wrocław"
 HUB_NAME_STATE_LOWER_SILESIA_port_polish: ""
 HUB_NAME_STATE_LOWER_SILESIA_mine_polish: "Gorzyce"
 HUB_NAME_STATE_LOWER_SILESIA_farm_polish: "Legnica"
 HUB_NAME_STATE_LOWER_SILESIA_wood_polish: "Głogów"

 STATE_LOWER_SILESIA_german: "Niederschlesien"

 # UPPER Silesia - German by default
 STATE_UPPER_SILESIA_polish: "Górny Śląsk"
 HUB_NAME_STATE_UPPER_SILESIA_city_polish: "Opole"
 HUB_NAME_STATE_UPPER_SILESIA_port_polish: ""
 HUB_NAME_STATE_UPPER_SILESIA_mine_polish: "Chorzów"
 HUB_NAME_STATE_UPPER_SILESIA_farm_polish: "Opawa"
 HUB_NAME_STATE_UPPER_SILESIA_wood_polish: "Cieszyn"

 STATE_UPPER_SILESIA_german: "Oberschlesien"

 STATE_UPPER_SILESIA_german_austrian: "Österreichisch Schlesien"

 STATE_UPPER_SILESIA_czech_split: "České Slezsko"
 STATE_UPPER_SILESIA_czech: "Horní Slezsko"
 HUB_NAME_STATE_UPPER_SILESIA_city_czech: "Opolí"
 HUB_NAME_STATE_UPPER_SILESIA_port_czech: ""
 HUB_NAME_STATE_UPPER_SILESIA_mine_czech: "Chorzov"
 HUB_NAME_STATE_UPPER_SILESIA_farm_czech: "Opava"
 HUB_NAME_STATE_UPPER_SILESIA_wood_czech: "Těšín"

 STATE_LOWER_SILESIA_czech: "Dolní Slezsko"
 HUB_NAME_STATE_LOWER_SILESIA_city_czech: "Vratislav"
 HUB_NAME_STATE_LOWER_SILESIA_port_czech: ""
 HUB_NAME_STATE_LOWER_SILESIA_mine_czech: "Gorzyce"
 HUB_NAME_STATE_LOWER_SILESIA_farm_czech: "Lehnice"
 HUB_NAME_STATE_LOWER_SILESIA_wood_czech: "Hlohov"

 # West Prussia - German by default
 STATE_WEST_PRUSSIA_polish: "Kaszuby"
 HUB_NAME_STATE_WEST_PRUSSIA_city_polish: "Gdańsk"
 HUB_NAME_STATE_WEST_PRUSSIA_port_polish: "Puck"
 HUB_NAME_STATE_WEST_PRUSSIA_mine_polish: "Chojnice"
 HUB_NAME_STATE_WEST_PRUSSIA_farm_polish: "Toruń"
 HUB_NAME_STATE_WEST_PRUSSIA_wood_polish: "Brodnica"

 STATE_WEST_PRUSSIA_german: "Westpreußen"

 # East Prussia - German by default
 STATE_EAST_PRUSSIA_polish: "Warmia"
 HUB_NAME_STATE_EAST_PRUSSIA_city_polish: "Królewiec"
 HUB_NAME_STATE_EAST_PRUSSIA_port_polish: "Kłajpeda"
 HUB_NAME_STATE_EAST_PRUSSIA_mine_polish: "Gąbin"
 HUB_NAME_STATE_EAST_PRUSSIA_farm_polish: "Wystruć"
 HUB_NAME_STATE_EAST_PRUSSIA_wood_polish: "Olsztyn"

 STATE_EAST_PRUSSIA_german: "Ostpreußen"

 ### Livonia Strategic Region

 # Kaunas - Lithuanian by default
 STATE_KAUNAS_russian: "Litva"
 HUB_NAME_STATE_KAUNAS_city_russian: "Kovno"
 HUB_NAME_STATE_KAUNAS_mine_russian: "Vilkomir"
 HUB_NAME_STATE_KAUNAS_farm_russian: "Shavli"
 HUB_NAME_STATE_KAUNAS_wood_russian: "Vawkavyshki"
 HUB_NAME_STATE_KAUNAS_port_russian: "Palangen"

 STATE_KAUNAS_polish: "Litwa"
 HUB_NAME_STATE_KAUNAS_city_polish: "Kowno"
 HUB_NAME_STATE_KAUNAS_mine_polish: "Wiłkomierz"
 HUB_NAME_STATE_KAUNAS_farm_polish: "Szawle"
 HUB_NAME_STATE_KAUNAS_wood_polish: "Wyłkowyszki"
 HUB_NAME_STATE_KAUNAS_port_polish: "Połąga"

 # Vilnius - Lithuanian by default
 STATE_VILNIUS_russian: "Vilna"
 HUB_NAME_STATE_VILNIUS_city_russian: "Vilna"
 HUB_NAME_STATE_VILNIUS_port_russian: ""
 HUB_NAME_STATE_VILNIUS_farm_russian: "Druskeniki"
 HUB_NAME_STATE_VILNIUS_wood_russian: "Sventiany"
 HUB_NAME_STATE_VILNIUS_mine_russian: ""

 STATE_VILNIUS_polish: "Wilno"
 HUB_NAME_STATE_VILNIUS_city_polish: "Wilno"
 HUB_NAME_STATE_VILNIUS_port_polish: ""
 HUB_NAME_STATE_VILNIUS_farm_polish: "Druskieniki"
 HUB_NAME_STATE_VILNIUS_wood_polish: "Święciany"
 HUB_NAME_STATE_VILNIUS_mine_polish: ""

 STATE_VILNIUS_belarusian: "Vilnia"
 HUB_NAME_STATE_VILNIUS_city_belarusian: "Vilnia"
 HUB_NAME_STATE_VILNIUS_port_belarusian: ""
 HUB_NAME_STATE_VILNIUS_farm_belarusian: "Druskeniki"
 HUB_NAME_STATE_VILNIUS_wood_belarusian: "Svianciany"
 HUB_NAME_STATE_VILNIUS_mine_belarusian: ""

 # Riga - Latvian by default
 STATE_RIGA_german: "Riga"
 HUB_NAME_STATE_RIGA_city_german: "Riga"
 HUB_NAME_STATE_RIGA_port_german: "Sloka"
 HUB_NAME_STATE_RIGA_mine_german: "Volmar"
 HUB_NAME_STATE_RIGA_farm_german: "Wenden"
 HUB_NAME_STATE_RIGA_wood_german: "Dvinsk"

 STATE_RIGA_latvian: "Riga"

 # Courland - Latvian by default
 STATE_COURLAND_german: "Kurland"
 HUB_NAME_STATE_COURLAND_city_german: "Mitava"
 HUB_NAME_STATE_COURLAND_port_german: "Libava"
 HUB_NAME_STATE_COURLAND_mine_german: "Tukkum"
 HUB_NAME_STATE_COURLAND_farm_german: "Friedrichstadt"
 HUB_NAME_STATE_COURLAND_wood_german: "Goldingen"

 STATE_COURLAND_latvian: "Liepāja"

 # Talinn - Estonian by default
 STATE_TALINN_german: "Estland"
 HUB_NAME_STATE_TALINN_city_german: "Revel"
 HUB_NAME_STATE_TALINN_port_german: "Baltischport"
 HUB_NAME_STATE_TALINN_mine_german: "Wittenstein"
 HUB_NAME_STATE_TALINN_farm_german: "Narva"
 HUB_NAME_STATE_TALINN_wood_german: "Hapsal"

 # Tartu - Estonian by default
 STATE_TARTU_german: "Dorpat"
 HUB_NAME_STATE_TARTU_city_german: "Dorpat"
 HUB_NAME_STATE_TARTU_port_german: "Pernau"
 HUB_NAME_STATE_TARTU_mine_german: "Odenpe"
 HUB_NAME_STATE_TARTU_farm_german: "Fellin"
 HUB_NAME_STATE_TARTU_wood_german: "Werro"

 STATE_TARTU_estonian: "Tartu"

 ### Finland Strategic Region

 # Kola - Russian by default
 STATE_KOLA_finnish: "Kuola"
 HUB_NAME_STATE_KOLA_city_finnish: "Kuola"
 HUB_NAME_STATE_KOLA_port_finnish: "Muurmanni"
 HUB_NAME_STATE_KOLA_mine_finnish: "Olenegorska"
 HUB_NAME_STATE_KOLA_farm_finnish: "Kantalahti"
 HUB_NAME_STATE_KOLA_wood_finnish: "Umpi"

 # East Karelia - Russian by default
 STATE_EAST_KARELIA_finnish: "Itä-Karjala"
 HUB_NAME_STATE_EAST_KARELIA_city_finnish: "Äänislinna"
 HUB_NAME_STATE_EAST_KARELIA_port_finnish: "Sorokka"
 HUB_NAME_STATE_EAST_KARELIA_mine_finnish: "Kontupohja"
 HUB_NAME_STATE_EAST_KARELIA_farm_finnish: "Kemi"
 HUB_NAME_STATE_EAST_KARELIA_wood_finnish: "Poventsa"

## Flanders
 # Flanders - French
 STATE_FLANDERS_french: "Flandre"
 HUB_NAME_STATE_FLANDERS_city_french: "Bruxelles"
 HUB_NAME_STATE_FLANDERS_port_french: "Bruges"              # same nameform in French
 HUB_NAME_STATE_FLANDERS_mine_french: "Hasselt"             # same nameform in Dutch, French, and West-Vlams.
 HUB_NAME_STATE_FLANDERS_farm_french: "Anvers"
 HUB_NAME_STATE_FLANDERS_wood_french: "Gand"
 # Flanders - German
 STATE_FLANDERS_german: "Flandern"
 HUB_NAME_STATE_FLANDERS_city_german: "Brüssel"
 HUB_NAME_STATE_FLANDERS_port_german: "Brügge"
 HUB_NAME_STATE_FLANDERS_mine_german: "Hasselt"             # same nameform in German
 HUB_NAME_STATE_FLANDERS_farm_german: "Antwerpen"
 HUB_NAME_STATE_FLANDERS_wood_german: "Gent"

 ## Wallonia
 # Wallonia - French
 STATE_WALLONIA_french: "Wallonie"
 HUB_NAME_STATE_WALLONIA_city_french: "Luxembourg"
 HUB_NAME_STATE_WALLONIA_mine_french: "Liège"               # same nameform in French
 HUB_NAME_STATE_WALLONIA_farm_french: "Namur"               # same nameform in French
 HUB_NAME_STATE_WALLONIA_wood_french: "Charleroi"           # same nameform in French
 # Wallonia - German
 STATE_WALLONIA_german: "Wallonien"
 HUB_NAME_STATE_WALLONIA_city_german: "Luxemburg"
 HUB_NAME_STATE_WALLONIA_mine_german: "Lüttich"
 HUB_NAME_STATE_WALLONIA_farm_german: "Namür"
 HUB_NAME_STATE_WALLONIA_wood_german: "Karolingen"
 HUB_NAME_STATE_WALLONIA_port_german: ""

 ## Gelre
 # Gelre - French
 STATE_GELRE_french: "Yssel"                                # technically Bouches du Rhin, Meuse Inférieur, Yssel Supérieur, et Bouches de l'Yssel.
 HUB_NAME_STATE_GELRE_city_french: "Eindhoven"              # same nameform in French
 HUB_NAME_STATE_GELRE_mine_french: "Maestricht"
 HUB_NAME_STATE_GELRE_farm_french: "Nimègue"
 HUB_NAME_STATE_GELRE_wood_french: "Arnhem"                 # same nameform in French
 # Gelre - German
 STATE_GELRE_german: "Geldern"
 HUB_NAME_STATE_GELRE_city_german: "Eindhoven"              # same nameform in German
 HUB_NAME_STATE_GELRE_mine_german: "Maestricht"             # same nameform in German up into 20th century, nowadays Maastricht
 HUB_NAME_STATE_GELRE_farm_german: "Nimwegen"
 HUB_NAME_STATE_GELRE_wood_german: "Arnheim"

 ## Friesland
 # Friesland - French
 STATE_FRIESLAND_french: "Frise"
 HUB_NAME_STATE_FRIESLAND_city_french: "Groningue"
 HUB_NAME_STATE_FRIESLAND_port_french: "Harlingen"          # same nameform in French
 HUB_NAME_STATE_FRIESLAND_mine_french: "Emmen"              # same nameform in French
 HUB_NAME_STATE_FRIESLAND_farm_french: "Zwolle"             # same nameform in French
 HUB_NAME_STATE_FRIESLAND_wood_french: "Drachten"           # same nameform in French
 # Friesland - German
 HUB_NAME_STATE_FRIESLAND_city_german: "Gröningen"          # old German name, not sure it'd be called like this in our time still or the modern Groningen

 ## Holland
 # Holland - French
 STATE_HOLLAND_french: "Hollande"
 HUB_NAME_STATE_HOLLAND_city_french: "Amsterdam"            # same nameform in French
 HUB_NAME_STATE_HOLLAND_port_french: "Rotterdam"            # same frenchform in Name
 HUB_NAME_STATE_HOLLAND_farm_french: "Utrecht"              # same nameform in French
 HUB_NAME_STATE_HOLLAND_wood_french: "Bréda"
 HUB_NAME_STATE_HOLLAND_mine_french: "Broek in Waterland"   # same nameform in French

 ## Alsace-Lorraine
 # Alsace-Lorraine - French
 STATE_ALSACE_LORRAINE_french: "Alsace-Lorraine"            # I believe the state's default name is the French form in most translated loc, but I want to force this just in case
 # Alsace-Lorraine - German
 STATE_ALSACE_LORRAINE_german: "ElsaߖLothringen"
 HUB_NAME_STATE_ALSACE_LORRAINE_city_german: "Straßburg"
 HUB_NAME_STATE_ALSACE_LORRAINE_mine_german: "Mülhausen"

 ## Lorraine
 # Lorraine - German
 STATE_LORRAINE_german: "Lothringen"
 HUB_NAME_STATE_LORRAINE_city_german: "Nanzig"
 HUB_NAME_STATE_LORRAINE_mine_german: "Langich"
 HUB_NAME_STATE_LORRAINE_farm_german: "Verden"
 HUB_NAME_STATE_LORRAINE_wood_german: "Spinal"

 ## French Low Countries
 # French Low Countries - German
 HUB_NAME_STATE_FRENCH_LOW_COUNTRIES_port_german: "Dünkirchen"

 ## Mecklenburg
 # Mecklenburg - French
 STATE_MECKLENBURG_french: "Mecklembourg"
 HUB_NAME_STATE_MECKLENBURG_city_french: "Schwerin"         # same nameform in French
 HUB_NAME_STATE_MECKLENBURG_port_french: "Rostock"          # same nameform in French
 HUB_NAME_STATE_MECKLENBURG_mine_french: "Neustrelitz"      # same nameform in French
 HUB_NAME_STATE_MECKLENBURG_farm_french: "Neubrandenbourg"
 HUB_NAME_STATE_MECKLENBURG_wood_french: "Güstrow"          # same nameform in French

 ## Pomerania
 # Pomerania - French
 STATE_POMERANIA_french: "Poméranie"
 HUB_NAME_STATE_POMERANIA_city_french: "Stettin"            # same nameform in French
 HUB_NAME_STATE_POMERANIA_port_french: "Greifswald"         # same nameform in French
 HUB_NAME_STATE_POMERANIA_mine_french: "Schwedt"            # same nameform in French
 HUB_NAME_STATE_POMERANIA_farm_french: "Coslin"
 HUB_NAME_STATE_POMERANIA_wood_french: "Schievelbein"       # same nameform in French
 # Pomerania - German
 STATE_POMERANIA_german: "Pommern"

 ## Brandenburg
 # Brandenburg - French
 STATE_BRANDENBURG_french: "Brandebourg"

 ## Saxony
 # Saxony - French
 STATE_SAXONY_french: "Saxe"
 HUB_NAME_STATE_SAXONY_city_french: "Dresde"
 HUB_NAME_STATE_SAXONY_mine_french: "Leipzig"               # same nameform in French
 HUB_NAME_STATE_SAXONY_farm_french: "Erfurt"                # same nameform in French
 HUB_NAME_STATE_SAXONY_wood_french: "Gera"                  # same nameform in French
 # Saxony - German
 STATE_SAXONY_german: "Sachsen"

 ## Franconia
 # Saxony - French
 STATE_FRANCONIA_french: "Franconie"
 HUB_NAME_STATE_FRANCONIA_city_french: "Nuremberg"          # English loc already uses French form, but this will Francify it even in German loc then
 HUB_NAME_STATE_FRANCONIA_mine_french: "Bayreuth"           # same nameform in French
 HUB_NAME_STATE_FRANCONIA_farm_french: "Cobourg"
 HUB_NAME_STATE_FRANCONIA_wood_french: "Wurtzbourg"
 HUB_NAME_STATE_FRANCONIA_port_french: ""
 # Franconia - German
 STATE_FRANCONIA_german: "Franken"
 HUB_NAME_STATE_FRANCONIA_city_german: "Nürnberg"
 HUB_NAME_STATE_FRANCONIA_mine_german: "Bayreuth"           # same nameform in German
 HUB_NAME_STATE_FRANCONIA_farm_german: "Coburg"             # same nameform in German
 HUB_NAME_STATE_FRANCONIA_wood_german: "Würzburg"           # same nameform in German
 HUB_NAME_STATE_FRANCONIA_port_german: ""

 ## Bavaria
 # Bavaria - French
 STATE_BAVARIA_french: "Bavière"
 HUB_NAME_STATE_BAVARIA_city_french: "Munich"               # English loc already uses French form, but this will Francify it even in German loc then
 HUB_NAME_STATE_BAVARIA_mine_french: "Rosenheim"            # same nameform in French
 HUB_NAME_STATE_BAVARIA_farm_french: "Ratisbonne"
 HUB_NAME_STATE_BAVARIA_wood_french: "Augsbourg"
 # Bavaria - German
 STATE_BAVARIA_german: "Bayern"
 HUB_NAME_STATE_BAVARIA_city_german: "München"

 ## Wurttemberg
 # Wurttemberg - French
 STATE_WURTTEMBERG_french: "Wurtemberg"
 HUB_NAME_STATE_WURTTEMBERG_city_french: "Stutgard"
 HUB_NAME_STATE_WURTTEMBERG_mine_french: "Lindau"           # same nameform in French
 HUB_NAME_STATE_WURTTEMBERG_farm_french: "Ulm"              # same nameform in French
 HUB_NAME_STATE_WURTTEMBERG_wood_french: "Hailbron"

 ## Baden
 # Baden - French
 HUB_NAME_STATE_BADEN_city_french: "Carlsruhe"
 HUB_NAME_STATE_BADEN_mine_french: "Constance"
 HUB_NAME_STATE_BADEN_farm_french: "Fribourg"
 HUB_NAME_STATE_BADEN_wood_french: "Heidelberg"             # same nameform in French

 ## Rhineland
 # Rhineland - French
 STATE_RHINELAND_french: "Rhénanie"
 HUB_NAME_STATE_RHINELAND_city_french: "Sarrebruck"
 HUB_NAME_STATE_RHINELAND_mine_french: "Caseloutre"         # Really? THIS is the French form of Kaiserlautern?
 HUB_NAME_STATE_RHINELAND_farm_french: "Mannheim"           # same nameform in French
 HUB_NAME_STATE_RHINELAND_wood_french: "Trèves"
 # Rhineland - German
 STATE_RHINELAND_german: "Rheinland"

 ## Hesse
 # Hesse - French
 STATE_HESSE_french: "Hesse"                                # English loc already uses French form, but this will Francify it even in German loc then
 HUB_NAME_STATE_HESSE_city_french: "Francfort"
 HUB_NAME_STATE_HESSE_mine_french: "Giessen"                # same nameform in French
 HUB_NAME_STATE_HESSE_farm_french: "Mayence"
 HUB_NAME_STATE_HESSE_wood_french: "Fulde"

 ### Brunswick
 # Brunswick - French
 STATE_BRUNSWICK_french: "Brunswick"                        # English loc already uses French form, but this will Francify it even in German loc then
 HUB_NAME_STATE_BRUNSWICK_city_french: "Brunswick"          # as above
 HUB_NAME_STATE_BRUNSWICK_mine_french: "Hildesheim"         # same nameform in French
 HUB_NAME_STATE_BRUNSWICK_farm_french: "Wernigerode"        # same nameform in French
 HUB_NAME_STATE_BRUNSWICK_wood_french: "Wolfsbourg"
 # Brunswick - German
 STATE_BRUNSWICK_german: "Braunschweig"
 HUB_NAME_STATE_BRUNSWICK_city_german: "Braunschweig"

 ## Anhalt
 # Anhalt - French
 HUB_NAME_STATE_ANHALT_city_french: "Magdebourg"
 HUB_NAME_STATE_ANHALT_mine_french: "Halle"                 # same nameform in French
 HUB_NAME_STATE_ANHALT_farm_french: "Dessau"                # same nameform in French
 HUB_NAME_STATE_ANHALT_wood_french: "Stendal"               # same nameform in French

 ## Elbe
 # Elbe - French
 HUB_NAME_STATE_ELBE_city_french: "Hambourg"
 HUB_NAME_STATE_ELBE_port_french: "Bremerhaven"             # same nameform in French
 HUB_NAME_STATE_ELBE_mine_french: "Elmshorn"                # same nameform in French
 HUB_NAME_STATE_ELBE_farm_french: "Brême"
 HUB_NAME_STATE_ELBE_wood_french: "Walsrode"                # same nameform in French

 ## Hannover
 # Hannover - French
 STATE_HANNOVER_french: "Hanovre"
 HUB_NAME_STATE_HANNOVER_city_french: "Hanovre"
 HUB_NAME_STATE_HANNOVER_port_french: "Emden"               # same nameform in French
 HUB_NAME_STATE_HANNOVER_mine_french: "Bielefeld"           # same nameform in French
 HUB_NAME_STATE_HANNOVER_farm_french: "Osnabrück"           # same nameform in French
 HUB_NAME_STATE_HANNOVER_wood_french: "Minden"              # same nameform in French
 # Hannover - German
 STATE_HANNOVER_german: "Hannover"
 HUB_NAME_STATE_HANNOVER_city_german: "Hannover"

 ## Westphalia
 # Westphalia - French
 STATE_WESTPHALIA_french: "Westphalie"
 HUB_NAME_STATE_WESTPHALIA_city_french: "Trémoigne"
 HUB_NAME_STATE_WESTPHALIA_mine_french: "Paderborn"         # same nameform in French
 HUB_NAME_STATE_WESTPHALIA_farm_french: "Munster"
 HUB_NAME_STATE_WESTPHALIA_wood_french: "Essen"             # same nameform in French
 # Westphalia - German
 STATE_WESTPHALIA_german: "Westfalen"

 ## North Rhine
 # North Rhine - French
 STATE_NORTH_RHINE_french: "Rhénanie du Nord"
 HUB_NAME_STATE_NORTH_RHINE_city_french: "Cologne"          # English loc already uses French form, but this will Francify it even in German loc then
 HUB_NAME_STATE_NORTH_RHINE_mine_french: "Aix-la-Chapelle"
 HUB_NAME_STATE_NORTH_RHINE_farm_french: "Bonn"             # same nameform in French
 HUB_NAME_STATE_NORTH_RHINE_wood_french: "Néau"
 # North Rhine - German
 STATE_NORTH_RHINE_german: "Nordrhein"
 HUB_NAME_STATE_NORTH_RHINE_city_german: "Köln"

 ## Ruhr
 # Ruhr - French
 #STATE_RUHR_french: "Ruhr"
 HUB_NAME_STATE_RUHR_city_french: "Dusseldorp"              # Denis Diderot
 HUB_NAME_STATE_RUHR_mine_french: "Wuppertal"               # same nameform in French
 HUB_NAME_STATE_RUHR_wood_french: "Siegen"                  # same nameform in French
 HUB_NAME_STATE_RUHR_farm_french: "Hachenburg"              # same nameform in French

 ### Austria
 # Styria
 STATE_STYRIA_french: "Styrie"
 HUB_NAME_STATE_STYRIA_city_french: "Gratz"
 #HUB_NAME_STATE_STYRIA_mine:0 "Liezen"
 #HUB_NAME_STATE_STYRIA_farm:0 "Klagenfurt"
 #HUB_NAME_STATE_STYRIA_wood:0 "Hartberg"

 # Tyrol
 STATE_TYROL_french: "Tyrol"
 #HUB_NAME_STATE_TYROL_city: "Innsbruck"
 #HUB_NAME_STATE_TYROL_mine: "Lienz"
 HUB_NAME_STATE_TYROL_farm_french: "Salzbourg"
 #HUB_NAME_STATE_TYROL_wood: "Feldkirch"

 # Austria proper
 STATE_AUSTRIA_french: "Austriche"
 HUB_NAME_STATE_AUSTRIA_city_french: "Vienne"
 #HUB_NAME_STATE_AUSTRIA_mine:1 "Freistadt"
 HUB_NAME_STATE_AUSTRIA_farm_french: "Lintz"
 HUB_NAME_STATE_AUSTRIA_wood_french: "Saint-Hippolyte"

 HUB_NAME_STATE_AUSTRIA_city_german: "Wien"

 ### Switzerland
 # West Switzerland
 STATE_WEST_SWITZERLAND_french: "Romandie"
 STATE_WEST_SWITZERLAND_sister_republic: "Helvétie"
 HUB_NAME_STATE_WEST_SWITZERLAND_city_french: "Berne"
 HUB_NAME_STATE_WEST_SWITZERLAND_mine_french: "Bâle"
 HUB_NAME_STATE_WEST_SWITZERLAND_farm_french: "Lausanne"     # French form is already the default for English loc, but not in all translations
 HUB_NAME_STATE_WEST_SWITZERLAND_wood_french: "Genève"

 ## East Switzerland
 # East Switzerland - French
 STATE_EAST_SWITZERLAND_french: "Suisse"
 STATE_EAST_SWITZERLAND_sister_republic: "Rhétie"
 HUB_NAME_STATE_EAST_SWITZERLAND_city_french: "Zurich"
 HUB_NAME_STATE_EAST_SWITZERLAND_mine_french: "Coire"
 HUB_NAME_STATE_EAST_SWITZERLAND_farm_french: "Saint-Gall"
 HUB_NAME_STATE_EAST_SWITZERLAND_wood_french: "Lucerne"      # French form is already the default for English loc, but not in all translations
 # East Switzerland - German
 HUB_NAME_STATE_EAST_SWITZERLAND_wood_german: "Luzern"

 # Denmark
 # Schleswig-Holstein
 STATE_SCHLESWIG_HOLSTEIN_french: "Slesvig-Holsace"
 #HUB_NAME_STATE_SCHLESWIG_HOLSTEIN_city:0 "Kiel"
 #HUB_NAME_STATE_SCHLESWIG_HOLSTEIN_port:0 "Lübeck"
 #HUB_NAME_STATE_SCHLESWIG_HOLSTEIN_mine:0 "Niebüll"
 HUB_NAME_STATE_SCHLESWIG_HOLSTEIN_farm_french: "Flensbourg"
 #HUB_NAME_STATE_SCHLESWIG_HOLSTEIN_wood: "Itzehoe"

 ### Czechia
 ### Bohemia
 # Bohemia - French
 STATE_BOHEMIA_french: "Bohême"
 HUB_NAME_STATE_BOHEMIA_city_french: "Prague"
 #HUB_NAME_STATE_BOHEMIA_mine:0 "České Budějovice"
 #HUB_NAME_STATE_BOHEMIA_farm:0 "Hradec Králové"
 HUB_NAME_STATE_BOHEMIA_wood_french: "Pilsen"

 # Bohemia - German
 STATE_BOHEMIA_german: "Böhmen"
 HUB_NAME_STATE_BOHEMIA_city_german: "Prag"
 HUB_NAME_STATE_BOHEMIA_mine_german: "Budweis"
 HUB_NAME_STATE_BOHEMIA_farm_german: "Königgrätz"
 HUB_NAME_STATE_BOHEMIA_wood_german: "Pilsen"

 # Bohemia - Czech
 STATE_BOHEMIA_czech: "Čechy"
 HUB_NAME_STATE_BOHEMIA_city_czech: "Praha"
 HUB_NAME_STATE_BOHEMIA_mine_czech: "$HUB_NAME_STATE_BOHEMIA_mine$"
 HUB_NAME_STATE_BOHEMIA_farm_czech: "$HUB_NAME_STATE_BOHEMIA_farm$"
 HUB_NAME_STATE_BOHEMIA_wood_czech: "$HUB_NAME_STATE_BOHEMIA_wood$"

 ### Moravia
 # Moravia - French
 STATE_MORAVIA_french: "Moravie"
 HUB_NAME_STATE_MORAVIA_city_french: "Brin"
 #HUB_NAME_STATE_MORAVIA_mine:0 "Olomouc"
 #HUB_NAME_STATE_MORAVIA_farm:0 "Breclav"
 #HUB_NAME_STATE_MORAVIA_wood:1 "Jihlava"

 # Moravia - German
 STATE_MORAVIA_german: "Mähren"
 HUB_NAME_STATE_MORAVIA_city_german: "Brünn"
 HUB_NAME_STATE_MORAVIA_mine_german: "Olmütz"
 HUB_NAME_STATE_MORAVIA_farm_german: "Lundenburg"
 HUB_NAME_STATE_MORAVIA_wood_german: "Iglau"

 ### Iberia
 # Moravia - Czech
 STATE_MORAVIA_czech: "Morava"
 HUB_NAME_STATE_MORAVIA_city_czech: "$HUB_NAME_STATE_MORAVIA_city$"
 HUB_NAME_STATE_MORAVIA_mine_czech: "$HUB_NAME_STATE_MORAVIA_mine$"
 HUB_NAME_STATE_MORAVIA_farm_czech: "$HUB_NAME_STATE_MORAVIA_farm$"
 HUB_NAME_STATE_MORAVIA_wood_czech: "$HUB_NAME_STATE_MORAVIA_wood$"

 ### Spain
 # Catalonia
 STATE_CATALONIA_spanish: "Cataluña"
 HUB_NAME_STATE_CATALONIA_city_spanish: "Barcelona"
 HUB_NAME_STATE_CATALONIA_port_spanish: "Tarragona"
 HUB_NAME_STATE_CATALONIA_mine_spanish: "Berga"
 HUB_NAME_STATE_CATALONIA_farm_spanish: "Lérida"
 HUB_NAME_STATE_CATALONIA_wood_spanish: "Gerona"
 STATE_CATALONIA_catalan: "Catalunya"
 HUB_NAME_STATE_CATALONIA_city_catalan: "Barcelona"
 HUB_NAME_STATE_CATALONIA_port_catalan: "Tarragona"
 HUB_NAME_STATE_CATALONIA_mine_catalan: "Berga"
 HUB_NAME_STATE_CATALONIA_farm_catalan: "Lleida"
 HUB_NAME_STATE_CATALONIA_wood_catalan: "Girona"
 STATE_CATALONIA_french: "Catalogne"
 HUB_NAME_STATE_CATALONIA_city_french: "Barcelone"
 HUB_NAME_STATE_CATALONIA_port_french: "Tarragone"
 HUB_NAME_STATE_CATALONIA_mine_french: "Berga"
 HUB_NAME_STATE_CATALONIA_farm_french: "Lérida"
 HUB_NAME_STATE_CATALONIA_wood_french: "Gérone"
 STATE_CATALONIA_german: "Katalonien"
 HUB_NAME_STATE_CATALONIA_city_german: "Barcelona"
 HUB_NAME_STATE_CATALONIA_port_german: "Tarragona"
 HUB_NAME_STATE_CATALONIA_mine_german: "Berga"
 HUB_NAME_STATE_CATALONIA_farm_german: "Lleida"
 HUB_NAME_STATE_CATALONIA_wood_german: "Girona"
 STATE_CATALONIA_esperanto: "Katalunio"
 HUB_NAME_STATE_CATALONIA_city_esperanto: "Barselono"
 HUB_NAME_STATE_CATALONIA_port_esperanto: "Tarragono"
 HUB_NAME_STATE_CATALONIA_mine_esperanto: "Bergo"
 HUB_NAME_STATE_CATALONIA_farm_esperanto: "Lejdo"
 HUB_NAME_STATE_CATALONIA_wood_esperanto: "Ĝirono"

 # Old Castile
 STATE_OLD_CASTILE_spanish: "Castilla la Vieja"
 HUB_NAME_STATE_OLD_CASTILE_city_spanish: "Burgos"
 HUB_NAME_STATE_OLD_CASTILE_port_spanish: "Santander"
 HUB_NAME_STATE_OLD_CASTILE_mine_spanish: "Logroño"
 HUB_NAME_STATE_OLD_CASTILE_farm_spanish: "Valladolid"
 HUB_NAME_STATE_OLD_CASTILE_wood_spanish: "Soria"
 # Old Castile - German
 STATE_OLD_CASTILE_german: "Altkastilien"
 HUB_NAME_STATE_OLD_CASTILE_city_german: "Burgos"
 HUB_NAME_STATE_OLD_CASTILE_port_german: "Santander"
 HUB_NAME_STATE_OLD_CASTILE_mine_german: "Logroño"
 HUB_NAME_STATE_OLD_CASTILE_farm_german: "Valladolid"
 HUB_NAME_STATE_OLD_CASTILE_wood_german: "Soria"
 STATE_OLD_CASTILE_esperanto: "Kastilio la Malnova"
 HUB_NAME_STATE_OLD_CASTILE_city_esperanto: "Burgo"
 HUB_NAME_STATE_OLD_CASTILE_port_esperanto: "Santandero"
 HUB_NAME_STATE_OLD_CASTILE_mine_esperanto: "Logronjo"
 HUB_NAME_STATE_OLD_CASTILE_farm_esperanto: "Valadolido"
 HUB_NAME_STATE_OLD_CASTILE_wood_esperanto: "Sorio"

 # Leon
 STATE_LEON_spanish: "León"
 HUB_NAME_STATE_LEON_city_spanish: "León"
 HUB_NAME_STATE_LEON_port_spanish: "PORT"
 HUB_NAME_STATE_LEON_mine_spanish: "Sabero"
 HUB_NAME_STATE_LEON_farm_spanish: "Salamanca"
 HUB_NAME_STATE_LEON_wood_spanish: "Zamora"
 STATE_LEON_asturleonese: "Llión"
 HUB_NAME_STATE_LEON_city_asturleonese: "Llión"
 HUB_NAME_STATE_LEON_port_asturleonese: "PORT"
 HUB_NAME_STATE_LEON_mine_asturleonese: "Saberu"
 HUB_NAME_STATE_LEON_farm_asturleonese: "Salamanca"
 HUB_NAME_STATE_LEON_wood_asturleonese: "Zamora"
 STATE_LEON_esperanto: "Leono"
 HUB_NAME_STATE_LEON_city_esperanto: "Leono"
 HUB_NAME_STATE_LEON_port_esperanto: "PORT"
 HUB_NAME_STATE_LEON_mine_esperanto: "Sabero"
 HUB_NAME_STATE_LEON_farm_esperanto: "Salamanko"
 HUB_NAME_STATE_LEON_wood_esperanto: "Zamoro"

 # Galicia
 STATE_GALICIA_spanish: "Galicia"
 HUB_NAME_STATE_GALICIA_city_spanish: "Santiago de Compostela"
 HUB_NAME_STATE_GALICIA_port_spanish: "La Coruña"
 HUB_NAME_STATE_GALICIA_mine_spanish: "Orense"
 HUB_NAME_STATE_GALICIA_farm_spanish: "Vigo"
 HUB_NAME_STATE_GALICIA_wood_spanish: "Lugo"
 STATE_GALICIA_galician: "Galiza"
 HUB_NAME_STATE_GALICIA_city_galician: "Santiago de Compostela"
 HUB_NAME_STATE_GALICIA_port_galician: "A Coruña"
 HUB_NAME_STATE_GALICIA_mine_galician: "Ourense"
 HUB_NAME_STATE_GALICIA_farm_galician: "Vigo"
 HUB_NAME_STATE_GALICIA_wood_galician: "Lugo"
 STATE_GALICIA_portuguese: "Galiza"
 HUB_NAME_STATE_GALICIA_city_portuguese: "Santiago de Compostela"
 HUB_NAME_STATE_GALICIA_port_portuguese: "Corunha"
 HUB_NAME_STATE_GALICIA_mine_portuguese: "Ourense"
 HUB_NAME_STATE_GALICIA_farm_portuguese: "Vigo"
 HUB_NAME_STATE_GALICIA_wood_portuguese: "Lugo"
 # Galicia - German
 STATE_GALICIA_german: "Galizien"
 HUB_NAME_STATE_GALICIA_city_german: "Santiago de Compostela"
 HUB_NAME_STATE_GALICIA_port_german: "A Coruña"
 HUB_NAME_STATE_GALICIA_mine_german: "Ourense"
 HUB_NAME_STATE_GALICIA_farm_german: "Vigo"
 HUB_NAME_STATE_GALICIA_wood_german: "Lugo"
 STATE_GALICIA_esperanto: "Galegio"
 HUB_NAME_STATE_GALICIA_city_esperanto: "Santiago de Kompostelo"
 HUB_NAME_STATE_GALICIA_port_esperanto: "Lakoruño"
 HUB_NAME_STATE_GALICIA_mine_esperanto: "Orenso"
 HUB_NAME_STATE_GALICIA_farm_esperanto: "Vigo"
 HUB_NAME_STATE_GALICIA_wood_esperanto: "Lugo"

 # Asturias
 STATE_ASTURIAS_spanish: "Asturias"
 HUB_NAME_STATE_ASTURIAS_city_spanish: "Oviedo"
 HUB_NAME_STATE_ASTURIAS_port_spanish: "Gijón"
 HUB_NAME_STATE_ASTURIAS_mine_spanish: "Langreo"
 HUB_NAME_STATE_ASTURIAS_farm_spanish: "Llanes"
 HUB_NAME_STATE_ASTURIAS_wood_spanish: "Tineo"
 STATE_ASTURIAS_asturleonese: "Asturies"
 HUB_NAME_STATE_ASTURIAS_city_asturleonese: "Uviéu"
 HUB_NAME_STATE_ASTURIAS_port_asturleonese: "Xixón"
 HUB_NAME_STATE_ASTURIAS_mine_asturleonese: "Llangréu"
 HUB_NAME_STATE_ASTURIAS_farm_asturleonese: "Llanes"
 HUB_NAME_STATE_ASTURIAS_wood_asturleonese: "Tinéu"
 # Asturias - German
 STATE_ASTURIAS_german: "Asturien"
 HUB_NAME_STATE_ASTURIAS_city_german: "Oviedo"
 HUB_NAME_STATE_ASTURIAS_port_german: "Gijón"
 HUB_NAME_STATE_ASTURIAS_mine_german: "Langreo"
 HUB_NAME_STATE_ASTURIAS_farm_german: "Llanes"
 HUB_NAME_STATE_ASTURIAS_wood_german: "Tineo"
 STATE_ASTURIAS_esperanto: "Asturio"
 HUB_NAME_STATE_ASTURIAS_city_esperanto: "Oviedo"
 HUB_NAME_STATE_ASTURIAS_port_esperanto: "Ĥihono"
 HUB_NAME_STATE_ASTURIAS_mine_esperanto: "Langreo"
 HUB_NAME_STATE_ASTURIAS_farm_esperanto: "Janes"
 HUB_NAME_STATE_ASTURIAS_wood_esperanto: "Tineo"

 # Aragon
 STATE_ARAGON_spanish: "Aragón"
 HUB_NAME_STATE_ARAGON_city_spanish: "Zaragoza"
 HUB_NAME_STATE_ARAGON_port_spanish: "PORT"
 HUB_NAME_STATE_ARAGON_mine_spanish: "Calatayud"
 HUB_NAME_STATE_ARAGON_farm_spanish: "Teruel"
 HUB_NAME_STATE_ARAGON_wood_spanish: "Huesca"
 STATE_ARAGON_aragonese: "Aragón"
 HUB_NAME_STATE_ARAGON_city_aragonese: "Zaragoza"
 HUB_NAME_STATE_ARAGON_port_aragonese: "PORT"
 HUB_NAME_STATE_ARAGON_mine_aragonese: "Calatayud"
 HUB_NAME_STATE_ARAGON_farm_aragonese: "Teruel"
 HUB_NAME_STATE_ARAGON_wood_aragonese: "Uesca"
 STATE_ARAGON_esperanto: "Aragono"
 HUB_NAME_STATE_ARAGON_city_esperanto: "Saragoso"
 HUB_NAME_STATE_ARAGON_port_esperanto: "PORT"
 HUB_NAME_STATE_ARAGON_mine_esperanto: "Kalatajudo"
 HUB_NAME_STATE_ARAGON_farm_esperanto: "Teruelo"
 HUB_NAME_STATE_ARAGON_wood_esperanto: "Uesko"

 #Valencia
 STATE_VALENCIA_spanish: "Valencia"
 HUB_NAME_STATE_VALENCIA_city_spanish: "Valencia"
 HUB_NAME_STATE_VALENCIA_port_spanish: "Gandía"
 HUB_NAME_STATE_VALENCIA_mine_spanish: "Morella"
 HUB_NAME_STATE_VALENCIA_farm_spanish: "Alicante"
 HUB_NAME_STATE_VALENCIA_wood_spanish: "Castellón de la Plana"
 STATE_VALENCIA_catalan: "València"
 HUB_NAME_STATE_VALENCIA_city_catalan: "València"
 HUB_NAME_STATE_VALENCIA_port_catalan: "Gandia"
 HUB_NAME_STATE_VALENCIA_mine_catalan: "Morella"
 HUB_NAME_STATE_VALENCIA_farm_catalan: "Alacant"
 HUB_NAME_STATE_VALENCIA_wood_catalan: "Castelló de la Plana"
 STATE_VALENCIA_esperanto: "Valencio"
 HUB_NAME_STATE_VALENCIA_city_esperanto: "Valencio"
 HUB_NAME_STATE_VALENCIA_port_esperanto: "Gandio"
 HUB_NAME_STATE_VALENCIA_mine_esperanto: "Morejo"
 HUB_NAME_STATE_VALENCIA_farm_esperanto: "Alikanto"
 HUB_NAME_STATE_VALENCIA_wood_esperanto: "Kastelo de la Plano"

 # New Castile
 STATE_NEW_CASTILE_spanish: "Castilla la Nueva"
 HUB_NAME_STATE_NEW_CASTILE_city_spanish: "Madrid"
 HUB_NAME_STATE_NEW_CASTILE_port_spanish: "PORT"
 HUB_NAME_STATE_NEW_CASTILE_mine_spanish: "Ciudad Real"
 HUB_NAME_STATE_NEW_CASTILE_farm_spanish: "Toledo"
 HUB_NAME_STATE_NEW_CASTILE_wood_spanish: "Cuenca"
 # New Castile - German
 STATE_NEW_CASTILE_german: "Neukastilien"
 HUB_NAME_STATE_NEW_CASTILE_city_german: "Madrid"
 HUB_NAME_STATE_NEW_CASTILE_port_german: "PORT"
 HUB_NAME_STATE_NEW_CASTILE_mine_german: "Ciudad Real"
 HUB_NAME_STATE_NEW_CASTILE_farm_german: "Toledo"
 HUB_NAME_STATE_NEW_CASTILE_wood_german: "Cuenca"
 STATE_NEW_CASTILE_esperanto: "Kastilio la Nova"
 HUB_NAME_STATE_NEW_CASTILE_city_esperanto: "Madrido"
 HUB_NAME_STATE_NEW_CASTILE_port_esperanto: "PORT"
 HUB_NAME_STATE_NEW_CASTILE_mine_esperanto: "Urbo Reĝa"
 HUB_NAME_STATE_NEW_CASTILE_farm_esperanto: "Toledo"
 HUB_NAME_STATE_NEW_CASTILE_wood_esperanto: "Kuenko"

 # Extremadura
 STATE_EXTREMADURA_spanish: "Extremadura"
 HUB_NAME_STATE_EXTREMADURA_city_spanish: "Badajoz"
 HUB_NAME_STATE_EXTREMADURA_port_spanish: "PORT"
 HUB_NAME_STATE_EXTREMADURA_mine_spanish: "Plasencia"
 HUB_NAME_STATE_EXTREMADURA_farm_spanish: "Mérida"
 HUB_NAME_STATE_EXTREMADURA_wood_spanish: "Cáceres"
 STATE_EXTREMADURA_asturleonese: "Estremaúra"
 HUB_NAME_STATE_EXTREMADURA_city_asturleonese: "Badajó"
 HUB_NAME_STATE_EXTREMADURA_port_asturleonese: "PORT"
 HUB_NAME_STATE_EXTREMADURA_mine_asturleonese: "Plasencia"
 HUB_NAME_STATE_EXTREMADURA_farm_asturleonese: "Mérida"
 HUB_NAME_STATE_EXTREMADURA_wood_asturleonese: "Cáceres"
 STATE_EXTREMADURA_esperanto: "Ekstremaduro"
 HUB_NAME_STATE_EXTREMADURA_city_esperanto: "Badahoso"
 HUB_NAME_STATE_EXTREMADURA_port_esperanto: "PORT"
 HUB_NAME_STATE_EXTREMADURA_mine_esperanto: "Plasencio"
 HUB_NAME_STATE_EXTREMADURA_farm_esperanto: "Merido"
 HUB_NAME_STATE_EXTREMADURA_wood_esperanto: "Kasereso"

 # Upper Andalusia
 STATE_UPPER_ANDALUSIA_spanish: "Alta Andalucía"
 HUB_NAME_STATE_UPPER_ANDALUSIA_city_spanish: "Granada"
 HUB_NAME_STATE_UPPER_ANDALUSIA_port_spanish: "Gibraltar"
 HUB_NAME_STATE_UPPER_ANDALUSIA_mine_spanish: "Málaga"
 HUB_NAME_STATE_UPPER_ANDALUSIA_farm_spanish: "Almería"
 HUB_NAME_STATE_UPPER_ANDALUSIA_wood_spanish: "Jaén"
 # Upper Andalusia - German
 STATE_UPPER_ANDALUSIA_german: "Oberes Andalusien"
 HUB_NAME_STATE_UPPER_ANDALUSIA_city_german: "Granada"
 HUB_NAME_STATE_UPPER_ANDALUSIA_port_german: "Gibraltar"
 HUB_NAME_STATE_UPPER_ANDALUSIA_mine_german: "Málaga"
 HUB_NAME_STATE_UPPER_ANDALUSIA_farm_german: "Almería"
 HUB_NAME_STATE_UPPER_ANDALUSIA_wood_german: "Jaén"
 STATE_UPPER_ANDALUSIA_esperanto: "Andaluzio la Alta"
 HUB_NAME_STATE_UPPER_ANDALUSIA_city_esperanto: "Granado"
 HUB_NAME_STATE_UPPER_ANDALUSIA_port_esperanto: "Ĝibraltaro"
 HUB_NAME_STATE_UPPER_ANDALUSIA_mine_esperanto: "Malago"
 HUB_NAME_STATE_UPPER_ANDALUSIA_farm_esperanto: "Almerio"
 HUB_NAME_STATE_UPPER_ANDALUSIA_wood_esperanto: "Ĥaeno"

 # Lower Andalusia
 STATE_LOWER_ANDALUSIA_spanish: "Baja Andalucía"
 HUB_NAME_STATE_LOWER_ANDALUSIA_city_spanish: "Sevilla"
 HUB_NAME_STATE_LOWER_ANDALUSIA_port_spanish: "Cádiz"
 HUB_NAME_STATE_LOWER_ANDALUSIA_mine_spanish: "Huelva"
 HUB_NAME_STATE_LOWER_ANDALUSIA_farm_spanish: "Córdoba"
 HUB_NAME_STATE_LOWER_ANDALUSIA_wood_spanish: "Écija"
 # Lower Andalusia - German
 STATE_LOWER_ANDALUSIA_german: "Niederes Andalusien"
 HUB_NAME_STATE_LOWER_ANDALUSIA_city_german: "Sevilla"
 HUB_NAME_STATE_LOWER_ANDALUSIA_port_german: "Cádiz"
 HUB_NAME_STATE_LOWER_ANDALUSIA_mine_german: "Huelva"
 HUB_NAME_STATE_LOWER_ANDALUSIA_farm_german: "Córdoba"
 HUB_NAME_STATE_LOWER_ANDALUSIA_wood_german: "Écija"
 STATE_LOWER_ANDALUSIA_esperanto: "Andaluzio la Malalta"
 HUB_NAME_STATE_LOWER_ANDALUSIA_city_esperanto: "Sevilo"
 HUB_NAME_STATE_LOWER_ANDALUSIA_port_esperanto: "Kadizo"
 HUB_NAME_STATE_LOWER_ANDALUSIA_mine_esperanto: "Uelvo"
 HUB_NAME_STATE_LOWER_ANDALUSIA_farm_esperanto: "Kordovo"
 HUB_NAME_STATE_LOWER_ANDALUSIA_wood_esperanto: "Eĉiĥo"

 # Murcia
 STATE_MURCIA_spanish: "Murcia"
 HUB_NAME_STATE_MURCIA_city_spanish: "Murcia"
 HUB_NAME_STATE_MURCIA_port_spanish: "Cartagena"
 HUB_NAME_STATE_MURCIA_mine_spanish: "Mazarrón"
 HUB_NAME_STATE_MURCIA_farm_spanish: "Albacete"
 HUB_NAME_STATE_MURCIA_wood_spanish: "Hellín"
 STATE_MURCIA_esperanto: "Murcio"
 HUB_NAME_STATE_MURCIA_city_esperanto: "Murcio"
 HUB_NAME_STATE_MURCIA_port_esperanto: "Kartageno"
 HUB_NAME_STATE_MURCIA_mine_esperanto: "Mazarrono"
 HUB_NAME_STATE_MURCIA_farm_esperanto: "Albseto"
 HUB_NAME_STATE_MURCIA_wood_esperanto: "Helino"
 # Balearic Islands
 STATE_BALEARIC_ISLANDS_spanish: "Islas Baleares"
 HUB_NAME_STATE_BALEARIC_ISLANDS_city_spanish: "Ibiza"
 HUB_NAME_STATE_BALEARIC_ISLANDS_port_spanish: "Palma"
 HUB_NAME_STATE_BALEARIC_ISLANDS_mine_spanish: "Manacor"
 HUB_NAME_STATE_BALEARIC_ISLANDS_farm_spanish: "Cala d’Or"
 HUB_NAME_STATE_BALEARIC_ISLANDS_wood_spanish: "Alcudia"
 STATE_BALEARIC_ISLANDS_catalan: "Illes Balears"
 HUB_NAME_STATE_BALEARIC_ISLANDS_city_catalan: "Eivissa"
 HUB_NAME_STATE_BALEARIC_ISLANDS_port_catalan: "Palma"
 HUB_NAME_STATE_BALEARIC_ISLANDS_mine_catalan: "Manacor"
 HUB_NAME_STATE_BALEARIC_ISLANDS_farm_catalan: "Cala d’Or"
 HUB_NAME_STATE_BALEARIC_ISLANDS_wood_catalan: "Alcúdia"
 # Balearic Islands - German
 STATE_BALEARIC_ISLANDS_german: "Balearische Inseln"
 HUB_NAME_STATE_BALEARIC_ISLANDS_city_german: "Ibiza"
 HUB_NAME_STATE_BALEARIC_ISLANDS_port_german: "Palma"
 HUB_NAME_STATE_BALEARIC_ISLANDS_mine_german: "Manacor"
 HUB_NAME_STATE_BALEARIC_ISLANDS_farm_german: "Cala d’Or"
 HUB_NAME_STATE_BALEARIC_ISLANDS_wood_german: "Alcúdia"
 STATE_BALEARIC_ISLANDS_esperanto: "Balearaj Insuloj"
 HUB_NAME_STATE_BALEARIC_ISLANDS_city_esperanto: "Ibizo"
 HUB_NAME_STATE_BALEARIC_ISLANDS_port_esperanto: "Palmo"
 HUB_NAME_STATE_BALEARIC_ISLANDS_mine_esperanto: "Manakoro"
 HUB_NAME_STATE_BALEARIC_ISLANDS_farm_esperanto: "Kalo d’Or"
 HUB_NAME_STATE_BALEARIC_ISLANDS_wood_esperanto: "Alkudio"

 # Basque Country
 STATE_BASQUE_COUNTRY_spanish: "País Vasco"
 HUB_NAME_STATE_BASQUE_COUNTRY_city_spanish: "Pamplona"
 HUB_NAME_STATE_BASQUE_COUNTRY_port_spanish: "Bilbao"
 HUB_NAME_STATE_BASQUE_COUNTRY_mine_spanish: "Gallarta"
 HUB_NAME_STATE_BASQUE_COUNTRY_farm_spanish: "San Sebastián"
 HUB_NAME_STATE_BASQUE_COUNTRY_wood_spanish: "Vitoria"
 STATE_BASQUE_COUNTRY_basque: "Euskal Herria"
 HUB_NAME_STATE_BASQUE_COUNTRY_city_basque: "Iruñea"
 HUB_NAME_STATE_BASQUE_COUNTRY_port_basque: "Bilbo"
 HUB_NAME_STATE_BASQUE_COUNTRY_mine_basque: "Gallarta"
 HUB_NAME_STATE_BASQUE_COUNTRY_farm_basque: "Donostia"
 HUB_NAME_STATE_BASQUE_COUNTRY_wood_basque: "Gasteiz"
 # Basque Country - German
 STATE_BASQUE_COUNTRY_german: "Baskenland"
 HUB_NAME_STATE_BASQUE_COUNTRY_city_german: "Pamplona"
 HUB_NAME_STATE_BASQUE_COUNTRY_port_german: "Bilbao"
 HUB_NAME_STATE_BASQUE_COUNTRY_mine_german: "Gallarta"
 HUB_NAME_STATE_BASQUE_COUNTRY_farm_german: "San Sebastián"
 HUB_NAME_STATE_BASQUE_COUNTRY_wood_german: "Vitoria"
 STATE_BASQUE_COUNTRY_esperanto: "Eŭskio"
 HUB_NAME_STATE_BASQUE_COUNTRY_city_esperanto: "Pamplono"
 HUB_NAME_STATE_BASQUE_COUNTRY_port_esperanto: "Bilbao"
 HUB_NAME_STATE_BASQUE_COUNTRY_mine_esperanto: "Gajarto"
 HUB_NAME_STATE_BASQUE_COUNTRY_farm_esperanto: "Sankta Sebastiano"
 HUB_NAME_STATE_BASQUE_COUNTRY_wood_esperanto: "Vitorio"

 # Canary Islands
 STATE_CANARY_ISLANDS_spanish: "Islas Canarias"
 HUB_NAME_STATE_CANARY_ISLANDS_city_spanish: "Santa Cruz"
 HUB_NAME_STATE_CANARY_ISLANDS_port_spanish: "Costa Adeje"
 HUB_NAME_STATE_CANARY_ISLANDS_mine_spanish: "Las Palmas"
 HUB_NAME_STATE_CANARY_ISLANDS_farm_spanish: "Puerto del Rosario"
 HUB_NAME_STATE_CANARY_ISLANDS_wood_spanish: "Arrecife"
 # Canary Islands - German
 STATE_CANARY_ISLANDS_german: "Kanarische Inseln"
 HUB_NAME_STATE_CANARY_ISLANDS_city_german: "Santa Cruz"
 HUB_NAME_STATE_CANARY_ISLANDS_port_german: "Costa Adeje"
 HUB_NAME_STATE_CANARY_ISLANDS_mine_german: "Las Palmas"
 HUB_NAME_STATE_CANARY_ISLANDS_farm_german: "Puerto del Rosario"
 HUB_NAME_STATE_CANARY_ISLANDS_wood_german: "Arrecife"
 STATE_CANARY_ISLANDS_esperanto: "Kanarioj Insuloj"
 HUB_NAME_STATE_CANARY_ISLANDS_city_esperanto: "Sankta Krucio"
 HUB_NAME_STATE_CANARY_ISLANDS_port_esperanto: "Kosto Adeĥe"
 HUB_NAME_STATE_CANARY_ISLANDS_mine_esperanto: "Laspalmo"
 HUB_NAME_STATE_CANARY_ISLANDS_farm_esperanto: "Haveno de la Rozario"
 HUB_NAME_STATE_CANARY_ISLANDS_wood_esperanto: "Aresifo"

 # Douro
 STATE_ENTRE_DOURO_E_MINHO_portuguese: "Entre Douro e Minho"
 HUB_NAME_STATE_ENTRE_DOURO_E_MINHO_city_portuguese: "Braga"
 HUB_NAME_STATE_ENTRE_DOURO_E_MINHO_port_portuguese: "Porto"
 HUB_NAME_STATE_ENTRE_DOURO_E_MINHO_mine_portuguese: "Bragança"
 HUB_NAME_STATE_ENTRE_DOURO_E_MINHO_farm_portuguese: "Vila Real"
 HUB_NAME_STATE_ENTRE_DOURO_E_MINHO_wood_portuguese: "Chaves"
 STATE_ENTRE_DOURO_E_MINHO_esperanto: "Inter Douro kaj Minho"
 HUB_NAME_STATE_ENTRE_DOURO_E_MINHO_city_esperanto: "Brago"
 HUB_NAME_STATE_ENTRE_DOURO_E_MINHO_port_esperanto: "Oporto"
 HUB_NAME_STATE_ENTRE_DOURO_E_MINHO_mine_esperanto: "Braganso"
 HUB_NAME_STATE_ENTRE_DOURO_E_MINHO_farm_esperanto: "Reĝa Vilaĝo"
 HUB_NAME_STATE_ENTRE_DOURO_E_MINHO_wood_esperanto: "Ŝavezo"
 # Beira
 STATE_BEIRA_portuguese: "Beira"
 HUB_NAME_STATE_BEIRA_city_portuguese: "Coimbra"
 HUB_NAME_STATE_BEIRA_port_portuguese: "Aveiro"
 HUB_NAME_STATE_BEIRA_mine_portuguese: "Castelo Branco"
 HUB_NAME_STATE_BEIRA_farm_portuguese: "Viseu"
 HUB_NAME_STATE_BEIRA_wood_portuguese: "Guarda"
 STATE_BEIRA_esperanto: "Bejro"
 HUB_NAME_STATE_BEIRA_city_esperanto: "Koimbro"
 HUB_NAME_STATE_BEIRA_port_esperanto: "Avejro"
 HUB_NAME_STATE_BEIRA_mine_esperanto: "Blanka Kastelo"
 HUB_NAME_STATE_BEIRA_farm_esperanto: "Viseo"
 HUB_NAME_STATE_BEIRA_wood_esperanto: "Gvardo"

 # Estremadura
 STATE_ESTREMADURA_portuguese: "Estremadura"
 HUB_NAME_STATE_ESTREMADURA_city_portuguese: "Lisboa"
 HUB_NAME_STATE_ESTREMADURA_port_portuguese: "Setúbal"
 HUB_NAME_STATE_ESTREMADURA_mine_portuguese: "PORT"
 HUB_NAME_STATE_ESTREMADURA_farm_portuguese: "Santarém"
 HUB_NAME_STATE_ESTREMADURA_wood_portuguese: "Leiria"
 STATE_ESTREMADURA_esperanto: "Estremaduro"
 HUB_NAME_STATE_ESTREMADURA_city_esperanto: "Lisbono"
 HUB_NAME_STATE_ESTREMADURA_port_esperanto: "Setubalo"
 HUB_NAME_STATE_ESTREMADURA_mine_esperanto: "PORT"
 HUB_NAME_STATE_ESTREMADURA_farm_esperanto: "Santaremo"
 HUB_NAME_STATE_ESTREMADURA_wood_esperanto: "Leirio"

 # Alentejo
 STATE_ALENTEJO_portuguese: "Alentejo"
 HUB_NAME_STATE_ALENTEJO_city_portuguese: "Évora"
 HUB_NAME_STATE_ALENTEJO_port_portuguese: "Faro"
 HUB_NAME_STATE_ALENTEJO_mine_portuguese: "Beja"
 HUB_NAME_STATE_ALENTEJO_farm_portuguese: "Lagos"
 HUB_NAME_STATE_ALENTEJO_wood_portuguese: "Elvas"
 STATE_ALENTEJO_esperanto: "Alenteĵo"
 HUB_NAME_STATE_ALENTEJO_city_esperanto: "Evoro"
 HUB_NAME_STATE_ALENTEJO_port_esperanto: "Faro"
 HUB_NAME_STATE_ALENTEJO_mine_esperanto: "Beĵo"
 HUB_NAME_STATE_ALENTEJO_farm_esperanto: "Lago"
 HUB_NAME_STATE_ALENTEJO_wood_esperanto: "Elvaso"

 # Madeira
 STATE_MADEIRA_portuguese: "Madeira"
 HUB_NAME_STATE_MADEIRA_city_portuguese: "Vila Baleira"
 HUB_NAME_STATE_MADEIRA_port_portuguese: "Funchal"
 HUB_NAME_STATE_MADEIRA_mine_portuguese: "São Vicente"
 HUB_NAME_STATE_MADEIRA_farm_portuguese: "Porto Moniz"
 HUB_NAME_STATE_MADEIRA_wood_portuguese: "Estreito da Calheta"
 STATE_MADEIRA_esperanto: "Madejro"
 HUB_NAME_STATE_MADEIRA_city_esperanto: "Vilobalero"
 HUB_NAME_STATE_MADEIRA_port_esperanto: "Funŝalo"
 HUB_NAME_STATE_MADEIRA_mine_esperanto: "Sankta Vicenteo"
 HUB_NAME_STATE_MADEIRA_farm_esperanto: "Porto Monizo"
 HUB_NAME_STATE_MADEIRA_wood_esperanto: "Mallarĝejo de Kaljeto"

 # Azores
 STATE_AZORES_portuguese: "Açores"
 HUB_NAME_STATE_AZORES_city_portuguese: "Ponta Delgada"
 HUB_NAME_STATE_AZORES_port_portuguese: "Angra do Heroísmo"
 HUB_NAME_STATE_AZORES_mine_portuguese: "Horta"
 HUB_NAME_STATE_AZORES_farm_portuguese: "Vila do Porto"
 HUB_NAME_STATE_AZORES_wood_portuguese: "Madalena"
 # Azores - German
 STATE_AZORES_german: "Azoren"
 HUB_NAME_STATE_AZORES_city_german: "Ponta Delgada"
 HUB_NAME_STATE_AZORES_port_german: "Angra do Heroísmo"
 HUB_NAME_STATE_AZORES_mine_german: "Horta"
 HUB_NAME_STATE_AZORES_farm_german: "Vila do Porto"
 HUB_NAME_STATE_AZORES_wood_german: "Madalena"
 STATE_AZORES_esperanto: "Azoroj"
 HUB_NAME_STATE_AZORES_city_esperanto: "Delgada Ponto"
 HUB_NAME_STATE_AZORES_port_esperanto: "Angro de la Heroismo"
 HUB_NAME_STATE_AZORES_mine_esperanto: "Horto"
 HUB_NAME_STATE_AZORES_farm_esperanto: "Havenvilaĝo"
 HUB_NAME_STATE_AZORES_wood_esperanto: "Magdaleno"

 # Cape Verde
 STATE_CAPE_VERDE_portuguese: "Cabo Verde"
 HUB_NAME_STATE_CAPE_VERDE_city_portuguese: "Praia"
 HUB_NAME_STATE_CAPE_VERDE_port_portuguese: "Furna"
 HUB_NAME_STATE_CAPE_VERDE_mine_portuguese: "Sal Rei"
 HUB_NAME_STATE_CAPE_VERDE_farm_portuguese: "São Filipe"
 HUB_NAME_STATE_CAPE_VERDE_wood_portuguese: "Vila do Maio"
 # Cape Verde - German
 STATE_CAPE_VERDE_german: "Kap Verde"
 HUB_NAME_STATE_CAPE_VERDE_city_german: "Praia"
 HUB_NAME_STATE_CAPE_VERDE_port_german: "Furna"
 HUB_NAME_STATE_CAPE_VERDE_mine_german: "Sal Rei"
 HUB_NAME_STATE_CAPE_VERDE_farm_german: "São Filipe"
 HUB_NAME_STATE_CAPE_VERDE_wood_german: "Vila do Maio"

 STATE_CAPE_VERDE_esperanto: "Kaboverdo"
 HUB_NAME_STATE_CAPE_VERDE_city_esperanto: "Prio"
 HUB_NAME_STATE_CAPE_VERDE_port_esperanto: "Furno"
 HUB_NAME_STATE_CAPE_VERDE_mine_esperanto: "Sala Reĝo"
 HUB_NAME_STATE_CAPE_VERDE_farm_esperanto: "Sankta Filipo"
 HUB_NAME_STATE_CAPE_VERDE_wood_esperanto: "Vilaĝo de Majoo"

 STATE_CAPE_VERDE_spanish: "Cabo Verde"
 HUB_NAME_STATE_CAPE_VERDE_city_spanish: "Praia"
 HUB_NAME_STATE_CAPE_VERDE_port_spanish: "Furna"
 HUB_NAME_STATE_CAPE_VERDE_mine_spanish: "Sal Rey"
 HUB_NAME_STATE_CAPE_VERDE_farm_spanish: "San Felipe"
 HUB_NAME_STATE_CAPE_VERDE_wood_spanish: "Villa de Maio"

 ### Ireland and Great Britain
 # Ulster
 HUB_NAME_STATE_ULSTER_port_uk: "Londonderry"

 ### Russia
 # Ingria
 #STATE_INGRIA: "Ingria"
 HUB_NAME_STATE_INGRIA_city_russian_imp: "Petrograd"
 HUB_NAME_STATE_INGRIA_city_russian_sov: "Leningrad"

 ## Balkans
 ### Slovenia
 # Slovenia - German
 STATE_SLOVENIA_german: "Krain"
 HUB_NAME_STATE_SLOVENIA_city_german: "Laibach"
 HUB_NAME_STATE_SLOVENIA_mine_german: "Pettau"
 HUB_NAME_STATE_SLOVENIA_farm_german: "Marburg an der Drau"
 HUB_NAME_STATE_SLOVENIA_wood_german: "Rudolfswerth"
 # Slovenia - Italian
 STATE_SLOVENIA_italian: "Carinola"
 HUB_NAME_STATE_SLOVENIA_city_italian: "Lubiana"
 HUB_NAME_STATE_SLOVENIA_mine_italian: "Petovio"
 HUB_NAME_STATE_SLOVENIA_farm_italian: "Marburgo"
 HUB_NAME_STATE_SLOVENIA_wood_italian: "Novo Mesto"

 ### Croatia
 # Croatia - German
 STATE_CROATIA_german: "Kroatien"
 HUB_NAME_STATE_CROATIA_city_german: "Agram"
 HUB_NAME_STATE_CROATIA_mine_german: "Karlstadt"
 HUB_NAME_STATE_CROATIA_farm_german: "Sissek"
 HUB_NAME_STATE_CROATIA_port_german: "St. Veit am Flaum"
 HUB_NAME_STATE_CROATIA_wood_german: "Pokupsko"
 # Croatia - Italian
 STATE_CROATIA_italian: "Croazia"
 HUB_NAME_STATE_CROATIA_city_italian: "Zagabria"
 HUB_NAME_STATE_CROATIA_mine_italian: "Carlovizza"
 HUB_NAME_STATE_CROATIA_farm_italian: "Sisseg"
 HUB_NAME_STATE_CROATIA_port_italian: "Fiume"
 HUB_NAME_STATE_CROATIA_wood_italian: "Pokupsko"
 # Croatia - Hungarian
 STATE_CROATIA_hungarian: "Horvátország"
 HUB_NAME_STATE_CROATIA_city_hungarian: "Zágráb"
 HUB_NAME_STATE_CROATIA_mine_hungarian: "Károlyváros"
 HUB_NAME_STATE_CROATIA_farm_hungarian: "Sziszek"
 HUB_NAME_STATE_CROATIA_port_hungarian: "Fiume"
 HUB_NAME_STATE_CROATIA_wood_hungarian: "Kulpatő"

 ### Slavonia
 # Slavonia - German
 STATE_SLAVONIA_german: "Slawonien"
 HUB_NAME_STATE_SLAVONIA_city_german: "Brod an der Save"
 HUB_NAME_STATE_SLAVONIA_mine_german: "Bellowar"
 HUB_NAME_STATE_SLAVONIA_farm_german: "Esseg"
 HUB_NAME_STATE_SLAVONIA_wood_german: "Neu-Gradischka"
 # Slavonia - Hungarian
 STATE_SLAVONIA_hungarian: "Szlavónia"
 HUB_NAME_STATE_SLAVONIA_city_hungarian: "Szávabrod"
 HUB_NAME_STATE_SLAVONIA_mine_hungarian: "Belovár"
 HUB_NAME_STATE_SLAVONIA_farm_hungarian: "Eszék"
 HUB_NAME_STATE_SLAVONIA_wood_hungarian: "Újgradiska"

 ### Dalmatia
 # Croatia - German
 STATE_DALMATIA_german: "Dalmatien"
 HUB_NAME_STATE_DALMATIA_city_german: "Spalato"
 HUB_NAME_STATE_DALMATIA_port_german: "Zara"
 HUB_NAME_STATE_DALMATIA_mine_german: "Ragusa"
 HUB_NAME_STATE_DALMATIA_farm_german: "Knin"
 HUB_NAME_STATE_DALMATIA_wood_german: "Sibenik"
 # Croatia - Italian
 STATE_DALMATIA_italian: "Dalmazia"
 HUB_NAME_STATE_DALMATIA_city_italian: "Spalato"
 HUB_NAME_STATE_DALMATIA_port_italian: "Zara"
 HUB_NAME_STATE_DALMATIA_mine_italian: "Ragusa"
 HUB_NAME_STATE_DALMATIA_farm_italian: "Tenin"
 HUB_NAME_STATE_DALMATIA_wood_italian: "Sebenico"
 # Croatia - Hungarian
 STATE_DALMATIA_hungarian: "Dalmácia"
 HUB_NAME_STATE_DALMATIA_city_hungarian: "Spalató"
 HUB_NAME_STATE_DALMATIA_port_hungarian: "Zára"
 HUB_NAME_STATE_DALMATIA_mine_hungarian: "Raguza"
 HUB_NAME_STATE_DALMATIA_farm_hungarian: "Knin"
 HUB_NAME_STATE_DALMATIA_wood_hungarian: "Sebenik"

 ### Bosnia
 # Bosnia - German
 STATE_BOSNIA_german: "Bosnien"
 HUB_NAME_STATE_BOSNIA_city_german: "Sarajevo"
 HUB_NAME_STATE_BOSNIA_mine_german: "Mostar"
 HUB_NAME_STATE_BOSNIA_farm_german: "Banjaluka"
 HUB_NAME_STATE_BOSNIA_wood_german: "Doboj"
 # Bosnia - Hungarian
 STATE_BOSNIA_hungarian: "Bosznia"
 HUB_NAME_STATE_BOSNIA_city_hungarian: "Szarajevó"
 HUB_NAME_STATE_BOSNIA_mine_hungarian: "Mosztár"
 HUB_NAME_STATE_BOSNIA_farm_hungarian: "Banjaluka"
 HUB_NAME_STATE_BOSNIA_wood_hungarian: "Doboj"

 # Bosnia - Turkish
 STATE_BOSNIA_turkish: "Bosna"
 HUB_NAME_STATE_BOSNIA_city_turkish: "Saraybosna"
 HUB_NAME_STATE_BOSNIA_mine_turkish: "Mostar"
 HUB_NAME_STATE_BOSNIA_farm_turkish: "Banjaluka"
 HUB_NAME_STATE_BOSNIA_wood_turkish: "Doboy"

 ### Montenegro
 # Montenegro - Italian
 STATE_MONTENEGRO_italian: "Montenegro"
 HUB_NAME_STATE_MONTENEGRO_city_italian: "Podgorizza"
 HUB_NAME_STATE_MONTENEGRO_port_italian: "Cattaro"
 HUB_NAME_STATE_MONTENEGRO_mine_italian: "Berane"
 HUB_NAME_STATE_MONTENEGRO_farm_italian: "Cettigne"
 HUB_NAME_STATE_MONTENEGRO_wood_italian: "Hanovi"
 # Montenegro - Turkish
 STATE_MONTENEGRO_turkish: "Karadağ"
 HUB_NAME_STATE_MONTENEGRO_city_turkish: "Böğürtlen"
 HUB_NAME_STATE_MONTENEGRO_port_turkish: "Kotor"
 HUB_NAME_STATE_MONTENEGRO_mine_turkish: "Berane"
 HUB_NAME_STATE_MONTENEGRO_farm_turkish: "Çetinye"
 HUB_NAME_STATE_MONTENEGRO_wood_turkish: "Hanovi"

 ### PELOPONNESE
 # PELOPONNESE - Greek
 STATE_PELOPONNESE_greek: "Pelopónnisos"
 HUB_NAME_STATE_PELOPONNESE_city_greek: "Tripolitsá"
 HUB_NAME_STATE_PELOPONNESE_port_greek: "Kalamátai"
 HUB_NAME_STATE_PELOPONNESE_mine_greek: "Náfplion"
 HUB_NAME_STATE_PELOPONNESE_farm_greek: "Kórinthos"
 HUB_NAME_STATE_PELOPONNESE_wood_greek: "Pátrai"
 # PELOPONNESE - Turkish
 STATE_PELOPONNESE_turkish: "Mora"
 HUB_NAME_STATE_PELOPONNESE_city_turkish: "Tripoliçe"
 HUB_NAME_STATE_PELOPONNESE_port_turkish: "Kalamat"
 HUB_NAME_STATE_PELOPONNESE_mine_turkish: "Anabolu"
 HUB_NAME_STATE_PELOPONNESE_farm_turkish: "Gördes"
 HUB_NAME_STATE_PELOPONNESE_wood_turkish: "Balyabadra"

 ### Attica
 # Attica - Greek
 STATE_ATTICA_greek: "Stereá Elláda"
 HUB_NAME_STATE_ATTICA_city_greek: "Athênai"
 HUB_NAME_STATE_ATTICA_port_greek: "Mesológgion"
 HUB_NAME_STATE_ATTICA_mine_greek: "Khalkís"
 HUB_NAME_STATE_ATTICA_farm_greek: "Lamía"
 HUB_NAME_STATE_ATTICA_wood_greek: "Karpenísion"
 # Attica - Turkish
 STATE_ATTICA_turkish: "Orta Yunanistan"
 HUB_NAME_STATE_ATTICA_city_turkish: "Atina"
 HUB_NAME_STATE_ATTICA_port_turkish: "Misolongi"
 HUB_NAME_STATE_ATTICA_mine_turkish: "Eğriboz"
 HUB_NAME_STATE_ATTICA_farm_turkish: "Zeytun"
 HUB_NAME_STATE_ATTICA_wood_turkish: "Karpenis"

 ### Thessaly
 # Thessaly - Greek
 STATE_THESSALIA_greek: "Thessalía"
 HUB_NAME_STATE_THESSALIA_city_greek: "Lárisa"
 HUB_NAME_STATE_THESSALIA_port_greek: "Vólos"
 HUB_NAME_STATE_THESSALIA_mine_greek: "Árta"
 HUB_NAME_STATE_THESSALIA_farm_greek: "Kardítsa"
 HUB_NAME_STATE_THESSALIA_wood_greek: "Agrínion"
 # Thessaly - Turkish
 STATE_THESSALIA_turkish: "Teselya"
 HUB_NAME_STATE_THESSALIA_city_turkish: "Yenişehir-i Fener"
 HUB_NAME_STATE_THESSALIA_port_turkish: "Golos"
 HUB_NAME_STATE_THESSALIA_mine_turkish: "Narda"
 HUB_NAME_STATE_THESSALIA_farm_turkish: "Karditsa"
 HUB_NAME_STATE_THESSALIA_wood_turkish: "Kurtuluş"

 ### Macedonia
 # Macedonia - Greek
 STATE_MACEDONIA_greek: "Makedonía"
 HUB_NAME_STATE_MACEDONIA_city_greek: "Véroia"
 HUB_NAME_STATE_MACEDONIA_port_greek: "Thessaloníkē"
 HUB_NAME_STATE_MACEDONIA_mine_greek: "Flórina"
 HUB_NAME_STATE_MACEDONIA_farm_greek: "Kozáne"
 HUB_NAME_STATE_MACEDONIA_wood_greek: "Kastoriá"
 # Macedonia - Turkish
 STATE_MACEDONIA_turkish: "Makedonya"
 HUB_NAME_STATE_MACEDONIA_city_turkish: "Karaferye"
 HUB_NAME_STATE_MACEDONIA_port_turkish: "Selanik"
 HUB_NAME_STATE_MACEDONIA_mine_turkish: "Filirne"
 HUB_NAME_STATE_MACEDONIA_farm_turkish: "Kozan"
 HUB_NAME_STATE_MACEDONIA_wood_turkish: "Kesriye"
 # Macedonia - Bulgarian
 STATE_MACEDONIA_bulgarian: "Makedonija"
 HUB_NAME_STATE_MACEDONIA_city_bulgarian: "Ber"
 HUB_NAME_STATE_MACEDONIA_port_bulgarian: "Solun"
 HUB_NAME_STATE_MACEDONIA_mine_bulgarian: "Lerin"
 HUB_NAME_STATE_MACEDONIA_farm_bulgarian: "Kozhani"
 HUB_NAME_STATE_MACEDONIA_wood_bulgarian: "Kostur"

 ### Western Thrace
 # Western Thrace - Greek
 STATE_WESTERN_THRACE_greek: "Dytiké Thrákē"
 HUB_NAME_STATE_WESTERN_THRACE_city_greek: "Kavála"
 HUB_NAME_STATE_WESTERN_THRACE_port_greek: "Dedeagáts"
 HUB_NAME_STATE_WESTERN_THRACE_mine_greek: "Sérrai"
 HUB_NAME_STATE_WESTERN_THRACE_farm_greek: "Xánthi"
 HUB_NAME_STATE_WESTERN_THRACE_wood_greek: "Komotēnē"
 # Western Thrace - Turkish
 STATE_WESTERN_THRACE_turkish: "Batı Trakya"
 HUB_NAME_STATE_WESTERN_THRACE_city_turkish: "Kavala"
 HUB_NAME_STATE_WESTERN_THRACE_port_turkish: "Dedeağaç"
 HUB_NAME_STATE_WESTERN_THRACE_mine_turkish: "Serez"
 HUB_NAME_STATE_WESTERN_THRACE_farm_turkish: "İskeçe"
 HUB_NAME_STATE_WESTERN_THRACE_wood_turkish: "Gümülcine"
 # Western Thrace - bulgarian
 STATE_WESTERN_THRACE_bulgarian: "Zapadna Trakiya"
 HUB_NAME_STATE_WESTERN_THRACE_city_bulgarian: "Kavala"
 HUB_NAME_STATE_WESTERN_THRACE_port_bulgarian: "Dedeagach"
 HUB_NAME_STATE_WESTERN_THRACE_mine_bulgarian: "Syar"
 HUB_NAME_STATE_WESTERN_THRACE_farm_bulgarian: "Skecha"
 HUB_NAME_STATE_WESTERN_THRACE_wood_bulgarian: "Gyumyurdzhina"

 ### Northern Thrace
 # Northern Thrace - Bulgarian
 STATE_NORTHERN_THRACE_bulgarian: "Severna Trakiya"
 HUB_NAME_STATE_NORTHERN_THRACE_city_bulgarian: "Plovdiv"
 HUB_NAME_STATE_NORTHERN_THRACE_port_bulgarian: "Burgas"
 HUB_NAME_STATE_NORTHERN_THRACE_mine_bulgarian: "Pazardzhik"
 HUB_NAME_STATE_NORTHERN_THRACE_farm_bulgarian: "Haskovo"
 HUB_NAME_STATE_NORTHERN_THRACE_wood_bulgarian: "Stara Zagora"
 # Northern Thrace - Turkish
 STATE_NORTHERN_THRACE_turkish: "Kuzey Trakya"
 HUB_NAME_STATE_NORTHERN_THRACE_city_turkish: "Filibe"
 HUB_NAME_STATE_NORTHERN_THRACE_port_turkish: "Burgaz"
 HUB_NAME_STATE_NORTHERN_THRACE_mine_turkish: "Pazarcık"
 HUB_NAME_STATE_NORTHERN_THRACE_farm_turkish: "Hasköy"
 HUB_NAME_STATE_NORTHERN_THRACE_wood_turkish: "Zağra-i Atik"
 # Northern Thrace - Turkish
 STATE_NORTHERN_THRACE_greek: "Heoía Thrákē"
 HUB_NAME_STATE_NORTHERN_THRACE_city_greek: "Philippoupolis"
 HUB_NAME_STATE_NORTHERN_THRACE_port_greek: "Pyrgos"
 HUB_NAME_STATE_NORTHERN_THRACE_mine_greek: "Bessáppara"
 HUB_NAME_STATE_NORTHERN_THRACE_farm_greek: "Chaskovon"
 HUB_NAME_STATE_NORTHERN_THRACE_wood_greek: "Zagorá"

 ### Bulgaria
 # Bulgaria - Bulgarian
 STATE_BULGARIA_bulgarian: "Mizija"
 HUB_NAME_STATE_BULGARIA_city_bulgarian: "Sofia"
 HUB_NAME_STATE_BULGARIA_port_bulgarian: "Varna"
 HUB_NAME_STATE_BULGARIA_mine_bulgarian: "Veliko Tarnovo"
 HUB_NAME_STATE_BULGARIA_farm_bulgarian: "Shumen"
 HUB_NAME_STATE_BULGARIA_wood_bulgarian: "Pleven"
 # Bulgaria - Turkish
 STATE_BULGARIA_turkish: "Tûna"
 HUB_NAME_STATE_BULGARIA_city_turkish: "Sofya"
 HUB_NAME_STATE_BULGARIA_port_turkish: "Varna"
 HUB_NAME_STATE_BULGARIA_mine_turkish: "Tırnova"
 HUB_NAME_STATE_BULGARIA_farm_turkish: "Şumnu"
 HUB_NAME_STATE_BULGARIA_wood_turkish: "Plevne"

 ### Skopia
 # Skopia - Bulgarian
 STATE_SKOPIA_bulgarian: "Vardarska Makedoniya"
 HUB_NAME_STATE_SKOPIA_city_bulgarian: "Skopie"
 HUB_NAME_STATE_SKOPIA_farm_bulgarian: "Kavadartsi"
 HUB_NAME_STATE_SKOPIA_wood_bulgarian: "Prilep"
 HUB_NAME_STATE_SKOPIA_mine_bulgarian: "Kalkandelen"
 # Skopia - Greek
 STATE_SKOPIA_greek: "Vardaría"
 HUB_NAME_STATE_SKOPIA_city_greek: "Skopia"
 HUB_NAME_STATE_SKOPIA_farm_greek: "Kavantártsi"
 HUB_NAME_STATE_SKOPIA_wood_greek: "Prílapos"
 HUB_NAME_STATE_SKOPIA_mine_greek: "Kalkándele"
 # Skopia - Serbian
 STATE_SKOPIA_serbian: "Stara Srbija"
 HUB_NAME_STATE_SKOPIA_city_serbian: "Skoplje"
 HUB_NAME_STATE_SKOPIA_farm_serbian: "Kavadarci"
 HUB_NAME_STATE_SKOPIA_wood_serbian: "Prilep"
 HUB_NAME_STATE_SKOPIA_mine_serbian: "Tetovo"
 # Skopia - Turkish
 STATE_SKOPIA_turkish: "Üsküp"
 HUB_NAME_STATE_SKOPIA_city_turkish: "Üsküp"
 HUB_NAME_STATE_SKOPIA_farm_turkish: "Kavadarca"
 HUB_NAME_STATE_SKOPIA_wood_turkish: "Perlepe"
 HUB_NAME_STATE_SKOPIA_mine_turkish: "Kalkandelen"

 ### Ionian Islands
 # Ionian Islands - Greek
 STATE_IONIAN_ISLANDS_greek: "Iónioi Nēsoi"
 HUB_NAME_STATE_IONIAN_ISLANDS_city_greek: "Kérkyra"
 HUB_NAME_STATE_IONIAN_ISLANDS_port_greek: "Zákynthos"
 HUB_NAME_STATE_IONIAN_ISLANDS_farm_greek: "Kefallēnía"
 # Ionian Islands - Turkish
 STATE_IONIAN_ISLANDS_turkish: "Yedi Adalar"
 HUB_NAME_STATE_IONIAN_ISLANDS_city_turkish: "Kerkira"
 HUB_NAME_STATE_IONIAN_ISLANDS_port_turkish: "Zanta"
 HUB_NAME_STATE_IONIAN_ISLANDS_farm_turkish: "Kefalonya"

 ### Crete
 # Crete - Greek
 STATE_CRETE_greek: "Krētē"
 HUB_NAME_STATE_CRETE_city_greek: "Hērakleion"
 HUB_NAME_STATE_CRETE_port_greek: "Mátala"
 HUB_NAME_STATE_CRETE_mine_greek: "Hierápetra"
 HUB_NAME_STATE_CRETE_farm_greek: "Chaniá"
 HUB_NAME_STATE_CRETE_wood_greek: "Palaióchora"
 # Crete - Turkish
 STATE_CRETE_turkish: "Girit"
 HUB_NAME_STATE_CRETE_city_turkish: "Kandiye"
 HUB_NAME_STATE_CRETE_port_turkish: "Matala"
 HUB_NAME_STATE_CRETE_mine_turkish: "Yerapetre"
 HUB_NAME_STATE_CRETE_farm_turkish: "Hanya"
 HUB_NAME_STATE_CRETE_wood_turkish: "Paliohora"

 ### West Aegean Islands
 # West Aegean Islands - Greek
 STATE_WEST_AEGEAN_ISLANDS_greek: "Dytikaí Aigaíai Nēsoi"
 HUB_NAME_STATE_WEST_AEGEAN_ISLANDS_city_greek: "Chóra"
 HUB_NAME_STATE_WEST_AEGEAN_ISLANDS_port_greek: "Thíra"
 HUB_NAME_STATE_WEST_AEGEAN_ISLANDS_farm_greek: "Tēnos"
 # West Aegean Islands - Turkish
 STATE_WEST_AEGEAN_ISLANDS_turkish: "Batı Ege Adaları"
 HUB_NAME_STATE_WEST_AEGEAN_ISLANDS_city_turkish: "Hora"
 HUB_NAME_STATE_WEST_AEGEAN_ISLANDS_port_turkish: "Santurin"
 HUB_NAME_STATE_WEST_AEGEAN_ISLANDS_farm_turkish: "İstendil"

 ## Danubia
 ### Transdanubia
 # Transdanubia - German
 STATE_TRANSDANUBIA_german: "Transdanubien"
 HUB_NAME_STATE_TRANSDANUBIA_city_german: "Stuhlweißenburg"
 HUB_NAME_STATE_TRANSDANUBIA_farm_german: "Kesthell"
 HUB_NAME_STATE_TRANSDANUBIA_wood_german: "Steinamanger"
 HUB_NAME_STATE_TRANSDANUBIA_mine_german: "Fünfkirchen"
 # Transdanubia - Hungarian
 STATE_TRANSDANUBIA_hungarian: "Dunántúl"
 HUB_NAME_STATE_TRANSDANUBIA_city_hungarian: "Székesfehérvár"
 HUB_NAME_STATE_TRANSDANUBIA_farm_hungarian: "Keszthely"
 HUB_NAME_STATE_TRANSDANUBIA_wood_hungarian: "Szombathely"
 HUB_NAME_STATE_TRANSDANUBIA_mine_hungarian: "Pécs"

 ### Central Hungary
 # Central Hungary - German
 STATE_CENTRAL_HUNGARY_german: "Ungarische Tiefebene"
 HUB_NAME_STATE_CENTRAL_HUNGARY_city_german: "Ofen"
 HUB_NAME_STATE_CENTRAL_HUNGARY_farm_german: "Sollnock"
 HUB_NAME_STATE_CENTRAL_HUNGARY_wood_german: "Debrezin"
 HUB_NAME_STATE_CENTRAL_HUNGARY_mine_german: "Mischkolz"

 HUB_NAME_STATE_CENTRAL_HUNGARY_city_german_budapest: "Ofen-Pesth"
 # Central Hungary - Hungarian
 STATE_CENTRAL_HUNGARY_hungarian: "Alföld"
 HUB_NAME_STATE_CENTRAL_HUNGARY_city_hungarian: "Buda"
 HUB_NAME_STATE_CENTRAL_HUNGARY_farm_hungarian: "Szolnok"
 HUB_NAME_STATE_CENTRAL_HUNGARY_wood_hungarian: "Debrecen"
 HUB_NAME_STATE_CENTRAL_HUNGARY_mine_hungarian: "Miskolc"

 HUB_NAME_STATE_CENTRAL_HUNGARY_city_hungarian_budapest: "Budapest"

 ### Slovakia
 # Slovakia - German
 STATE_SLOVAKIA_german: "Slowakei"
 HUB_NAME_STATE_SLOVAKIA_city_german: "Preßburg"
 HUB_NAME_STATE_SLOVAKIA_farm_german: "Kaschau"
 HUB_NAME_STATE_SLOVAKIA_wood_german: "Sillein"
 HUB_NAME_STATE_SLOVAKIA_mine_german: "Neusohl"
 # Slovakia - Hungarian
 STATE_SLOVAKIA_hungarian: "Felvidék"
 HUB_NAME_STATE_SLOVAKIA_city_hungarian: "Pozsony"
 HUB_NAME_STATE_SLOVAKIA_farm_hungarian: "Kassa"
 HUB_NAME_STATE_SLOVAKIA_wood_hungarian: "Zsolna"
 HUB_NAME_STATE_SLOVAKIA_mine_hungarian: "Besztercebánya"
 # Slovakia - Slovak
 STATE_SLOVAKIA_slovak: "Slovensko"
 HUB_NAME_STATE_SLOVAKIA_city_slovak: "Prešporok"
 HUB_NAME_STATE_SLOVAKIA_farm_slovak: "Košice"
 HUB_NAME_STATE_SLOVAKIA_wood_slovak: "Žilina"
 HUB_NAME_STATE_SLOVAKIA_mine_slovak: "Banská Bystrica"

 ### Ruthenia
 # Ruthenia - German
 STATE_RUTHENIA_german: "Unterkarpaten"
 HUB_NAME_STATE_RUTHENIA_city_german: "Ungwar"
 HUB_NAME_STATE_RUTHENIA_farm_german: "Munkatsch"
 HUB_NAME_STATE_RUTHENIA_wood_german: "Hust"
 HUB_NAME_STATE_RUTHENIA_mine_german: "Salzgruben"
 # Ruthenia - Hungarian
 STATE_RUTHENIA_hungarian: "Kárpátalja"
 HUB_NAME_STATE_RUTHENIA_city_hungarian: "Ungvár"
 HUB_NAME_STATE_RUTHENIA_farm_hungarian: "Munkács"
 HUB_NAME_STATE_RUTHENIA_wood_hungarian: "Huszt"
 HUB_NAME_STATE_RUTHENIA_mine_hungarian: "Aknaszlatina"
 # Ruthenia - Slovak
 STATE_RUTHENIA_slovak: "Podkarpatská Rus"
 HUB_NAME_STATE_RUTHENIA_city_slovak: "Užhrad"
 HUB_NAME_STATE_RUTHENIA_farm_slovak: "Mukačevo"
 HUB_NAME_STATE_RUTHENIA_wood_slovak: "Chust"
 HUB_NAME_STATE_RUTHENIA_mine_slovak: "Slatinské Doly"
 # Ruthenia - Rusyn
 STATE_RUTHENIA_rusyn: "Pidkarpatska Rus’"
 HUB_NAME_STATE_RUTHENIA_city_rusyn: "Uzhhorod"
 HUB_NAME_STATE_RUTHENIA_farm_rusyn: "Mukachevo"
 HUB_NAME_STATE_RUTHENIA_wood_rusyn: "Solotvyno"
 HUB_NAME_STATE_RUTHENIA_mine_rusyn: "Khust"

 ### Partium
 # Partium - German
 STATE_BEKES_german: "Partium"
 HUB_NAME_STATE_BEKES_city_german: "Großwardein"
 HUB_NAME_STATE_BEKES_farm_german: "Arad"
 HUB_NAME_STATE_BEKES_wood_german: "Sathmar"
 HUB_NAME_STATE_BEKES_mine_german: "" # None
 # Partium - Hungarian
 STATE_BEKES_hungarian: "Partium"
 HUB_NAME_STATE_BEKES_city_hungarian: "Nagyvárad"
 HUB_NAME_STATE_BEKES_farm_hungarian: "Arad"
 HUB_NAME_STATE_BEKES_wood_hungarian: "Szatmárnémeti"
 HUB_NAME_STATE_BEKES_mine_hungarian: "" # None
 # Partium - Romanian
 STATE_BEKES_romanian: "Partium"
 HUB_NAME_STATE_BEKES_city_romanian: "Oradea Mare"
 HUB_NAME_STATE_BEKES_farm_romanian: "Arad"
 HUB_NAME_STATE_BEKES_wood_romanian: "Satu Mare"
 HUB_NAME_STATE_BEKES_mine_romanian: "" # None

 ### Northern Transylvania
 # Northern Transylvania - German
 STATE_NORTHERN_TRANSYLVANIA_german: "Nordsiebenbürgen"
 HUB_NAME_STATE_NORTHERN_TRANSYLVANIA_city_german: "Klausenburg"
 HUB_NAME_STATE_NORTHERN_TRANSYLVANIA_farm_german: "Neumarkt am Mieresch"
 HUB_NAME_STATE_NORTHERN_TRANSYLVANIA_wood_german: "Frauenbach"
 HUB_NAME_STATE_NORTHERN_TRANSYLVANIA_mine_german: "Sankt Georgen"
 # Northern Transylvania - Hungarian
 STATE_NORTHERN_TRANSYLVANIA_hungarian: "Észak-Erdély"
 HUB_NAME_STATE_NORTHERN_TRANSYLVANIA_city_hungarian: "Kolozsvár"
 HUB_NAME_STATE_NORTHERN_TRANSYLVANIA_farm_hungarian: "Marosvásárhely"
 HUB_NAME_STATE_NORTHERN_TRANSYLVANIA_wood_hungarian: "Nagybánya"
 HUB_NAME_STATE_NORTHERN_TRANSYLVANIA_mine_hungarian: "Sepsiszentgyörgy"
 # Northern Transylvania - Romanian
 STATE_NORTHERN_TRANSYLVANIA_romanian: "Transilvania de Nord"
 HUB_NAME_STATE_NORTHERN_TRANSYLVANIA_city_romanian: "Cluj"
 HUB_NAME_STATE_NORTHERN_TRANSYLVANIA_farm_romanian: "Târgu Mureș"
 HUB_NAME_STATE_NORTHERN_TRANSYLVANIA_wood_romanian: "Baia Mare"
 HUB_NAME_STATE_NORTHERN_TRANSYLVANIA_mine_romanian: "Sfântu Gheorghe"

 ### Southern Transylvania
 # Southern Transylvania - German
 STATE_SOUTHERN_TRANSYLVANIA_german: "Südsiebenbürgen"
 HUB_NAME_STATE_SOUTHERN_TRANSYLVANIA_city_german: "Kronstadt"
 HUB_NAME_STATE_SOUTHERN_TRANSYLVANIA_farm_german: "Karlsburg"
 HUB_NAME_STATE_SOUTHERN_TRANSYLVANIA_wood_german: "Diemrich"
 HUB_NAME_STATE_SOUTHERN_TRANSYLVANIA_mine_german: "Hermannstadt"
 # Southern Transylvania - Hungarian
 STATE_SOUTHERN_TRANSYLVANIA_hungarian: "Dél-Erdély"
 HUB_NAME_STATE_SOUTHERN_TRANSYLVANIA_city_hungarian: "Brassó"
 HUB_NAME_STATE_SOUTHERN_TRANSYLVANIA_farm_hungarian: "Gyulafehérvár"
 HUB_NAME_STATE_SOUTHERN_TRANSYLVANIA_wood_hungarian: "Déva"
 HUB_NAME_STATE_SOUTHERN_TRANSYLVANIA_mine_hungarian: "Nagyszeben"
 # Southern Transylvania - Romanian
 STATE_SOUTHERN_TRANSYLVANIA_romanian: "Transilvania de Sud"
 HUB_NAME_STATE_SOUTHERN_TRANSYLVANIA_city_romanian: "Brașov"
 HUB_NAME_STATE_SOUTHERN_TRANSYLVANIA_farm_romanian: "Alba Iulia"
 HUB_NAME_STATE_SOUTHERN_TRANSYLVANIA_wood_romanian: "Deva"
 HUB_NAME_STATE_SOUTHERN_TRANSYLVANIA_mine_romanian: "Sibiu"

 ### Banat
 # Banat - German
 STATE_BANAT_german: "Banat"
 HUB_NAME_STATE_BANAT_city_german: "Temeschwar"
 HUB_NAME_STATE_BANAT_farm_german: "Orzydorf"
 HUB_NAME_STATE_BANAT_wood_german: "Birkendorf"
 HUB_NAME_STATE_BANAT_mine_german: "Karansebesch"
 # Banat - Hungarian
 STATE_BANAT_hungarian: "Bánát"
 HUB_NAME_STATE_BANAT_city_hungarian: "Temesvár"
 HUB_NAME_STATE_BANAT_farm_hungarian: "Orczyfalva"
 HUB_NAME_STATE_BANAT_wood_hungarian: "Facsád"
 HUB_NAME_STATE_BANAT_mine_hungarian: "Karánsebes"
 # Banat - Romanian
 STATE_BANAT_romanian: "Banat"
 HUB_NAME_STATE_BANAT_city_romanian: "Timișoara"
 HUB_NAME_STATE_BANAT_farm_romanian: "Orțișoara"
 HUB_NAME_STATE_BANAT_wood_romanian: "Făget"
 HUB_NAME_STATE_BANAT_mine_romanian: "Caransebeș"
 # Banat - Serbian
 STATE_BANAT_serbian: "Banat"
 HUB_NAME_STATE_BANAT_city_serbian: "Temišvar"
 HUB_NAME_STATE_BANAT_farm_serbian: "Orčić"
 HUB_NAME_STATE_BANAT_wood_serbian: "Fađet"
 HUB_NAME_STATE_BANAT_mine_serbian: "Karansebeš"

 ### Delvidek
 # Delvidek - German
 STATE_DELVIDEK_german: "Wojwodina" # Not perfect
 HUB_NAME_STATE_DELVIDEK_city_german: "Neusatz"
 HUB_NAME_STATE_DELVIDEK_farm_german: "Großbetschkerek"
 HUB_NAME_STATE_DELVIDEK_wood_german: "Maria-Theresiopel"
 HUB_NAME_STATE_DELVIDEK_mine_german: "Pantschowa"
 # Delvidek - Hungarian
 STATE_DELVIDEK_hungarian: "Délvidék"
 HUB_NAME_STATE_DELVIDEK_city_hungarian: "Újvidék"
 HUB_NAME_STATE_DELVIDEK_farm_hungarian: "Nagybecskerek"
 HUB_NAME_STATE_DELVIDEK_wood_hungarian: "Szabadka"
 HUB_NAME_STATE_DELVIDEK_mine_hungarian: "Pancsova"
 # Delvidek - Serbian
 STATE_DELVIDEK_serbian: "Vojvodina"
 HUB_NAME_STATE_DELVIDEK_city_serbian: "Novi Sad"
 HUB_NAME_STATE_DELVIDEK_farm_serbian: "Veliki Bečkerek"
 HUB_NAME_STATE_DELVIDEK_wood_serbian: "Subotica"
 HUB_NAME_STATE_DELVIDEK_mine_serbian: "Pančevo"

 ### Dobrudja
 # Dobrudja - Turkish
 STATE_DOBRUDJA_turkish: "Dobruca"
 HUB_NAME_STATE_DOBRUDJA_city_turkish: "Tulça"
 HUB_NAME_STATE_DOBRUDJA_port_turkish: "Köstence"
 HUB_NAME_STATE_DOBRUDJA_farm_turkish: "Hacıoğlu Pazarcık"
 HUB_NAME_STATE_DOBRUDJA_wood_turkish: "Mangalya"
 HUB_NAME_STATE_DOBRUDJA_mine_turkish: "Silistre"
 # Dobrudja - Romanian
 STATE_DOBRUDJA_romanian: "Dobrogea"
 HUB_NAME_STATE_DOBRUDJA_city_romanian: "Tulcea"
 HUB_NAME_STATE_DOBRUDJA_port_romanian: "Constanța"
 HUB_NAME_STATE_DOBRUDJA_farm_romanian: "Bazargic"
 HUB_NAME_STATE_DOBRUDJA_wood_romanian: "Mangalia"
 HUB_NAME_STATE_DOBRUDJA_mine_romanian: "Silistra"
 # Dobrudja - Bulgarian
 STATE_DOBRUDJA_bulgarian: "Dobrudzha"
 HUB_NAME_STATE_DOBRUDJA_city_bulgarian: "Tulcha"
 HUB_NAME_STATE_DOBRUDJA_port_bulgarian: "Kyustendzha"
 HUB_NAME_STATE_DOBRUDJA_farm_bulgarian: "Hadzhioglu Pazardzhik"
 HUB_NAME_STATE_DOBRUDJA_wood_bulgarian: "Mangaliya"
 HUB_NAME_STATE_DOBRUDJA_mine_bulgarian: "Silistra"

 ## Italy
 ### Lombardy
 # Lombardy - German
 STATE_LOMBARDY_german: "Lombardei"
 HUB_NAME_STATE_LOMBARDY_city_german: "Mailand"
 HUB_NAME_STATE_LOMBARDY_farm_german: "Como"
 HUB_NAME_STATE_LOMBARDY_wood_german: "Brescia"
 HUB_NAME_STATE_LOMBARDY_mine_german: "Bergamo"

 ### Venetia
 # Venetia - German
 STATE_VENETIA_german: "Venetien"
 HUB_NAME_STATE_VENETIA_city_german: "Verona"
 HUB_NAME_STATE_VENETIA_farm_german: "Padua"
 HUB_NAME_STATE_VENETIA_wood_german: "Treviso"
 HUB_NAME_STATE_VENETIA_mine_german: "Rovigo"
 HUB_NAME_STATE_VENETIA_port_german: "Venedig"

 ### Istria
 # Istria - German
 STATE_ISTRIA_german: "Küstenland"
 HUB_NAME_STATE_ISTRIA_city_german: "Triest"
 HUB_NAME_STATE_ISTRIA_farm_german: "Sankt Jakobi"
 HUB_NAME_STATE_ISTRIA_wood_german: "Görz"
 HUB_NAME_STATE_ISTRIA_mine_german: "Weiden in Friaul"
 HUB_NAME_STATE_ISTRIA_port_german: "Pola"

 ## Savoy
 # Savoy - French
 STATE_SAVOY_french: "Savoie"
 HUB_NAME_STATE_SAVOY_city_french: "Annecy"
 HUB_NAME_STATE_SAVOY_farm_french: "Chambéry"
 HUB_NAME_STATE_SAVOY_wood_french: "Saint-Jean-de-Maurienne"
 HUB_NAME_STATE_SAVOY_mine_french: "Thonon-les-Bains"
 # Savoy - Italian
 STATE_SAVOY_italian: "Savoia"
 HUB_NAME_STATE_SAVOY_city_italian: "Annesì"
 HUB_NAME_STATE_SAVOY_farm_italian: "Ciamberí"
 HUB_NAME_STATE_SAVOY_wood_italian: "San Giovanni di Moriana"
 HUB_NAME_STATE_SAVOY_mine_italian: "Tonone"

 ## Piedmont
 # Piedmont - French
 STATE_PIEDMONT_french: "Piémont"
 HUB_NAME_STATE_PIEDMONT_city_french: "Turin"
 HUB_NAME_STATE_PIEDMONT_farm_french: "Alexandrie"
 HUB_NAME_STATE_PIEDMONT_wood_french: "Coni"
 HUB_NAME_STATE_PIEDMONT_mine_french: "Novare"
 HUB_NAME_STATE_PIEDMONT_port_french: "Gênes"
 # Piedmont - Italian
 STATE_PIEDMONT_italian: "Piemonte"
 HUB_NAME_STATE_PIEDMONT_city_italian: "Torino"
 HUB_NAME_STATE_PIEDMONT_farm_italian: "Alessandria"
 HUB_NAME_STATE_PIEDMONT_wood_italian: "Cuneo"
 HUB_NAME_STATE_PIEDMONT_mine_italian: "Novara"
 HUB_NAME_STATE_PIEDMONT_port_italian: "Genova"

 ### Northern Norway
 HUB_NAME_STATE_NORTHERN_NORWAY_city_norway_modern: "Trondheim"
 HUB_NAME_STATE_NORTHERN_NORWAY_farm_norway: "Stranda"
 HUB_NAME_STATE_NORTHERN_NORWAY_wood_norway: "Sunndalsøra"

 ### Western Norway
 HUB_NAME_STATE_WESTERN_NORWAY_city_norway: "Kristiansand"
 HUB_NAME_STATE_WESTERN_NORWAY_wood_norway: "Tønsberg"

 ### Eastern Norway
 HUB_NAME_STATE_EASTERN_NORWAY_city_norway: "Kristiania"
 HUB_NAME_STATE_EASTERN_NORWAY_city_norway_modern: "Oslo"
 HUB_NAME_STATE_EASTERN_NORWAY_port_norway: "Fredrikstad"
 HUB_NAME_STATE_EASTERN_NORWAY_farm_norway_modern: "Halden"

 ### Eastern Thrace
 # Eastern Thrace - Greek
 STATE_EASTERN_THRACE_greek: "Anatolikè Thrákē"
 HUB_NAME_STATE_EASTERN_THRACE_city_greek: "Kōnstantinoúpolis"
 HUB_NAME_STATE_EASTERN_THRACE_port_greek: "Kallípolis"
 HUB_NAME_STATE_EASTERN_THRACE_mine_greek: "Saránta Ekklēsíai"
 HUB_NAME_STATE_EASTERN_THRACE_farm_greek: "Adrianópolis"
 HUB_NAME_STATE_EASTERN_THRACE_wood_greek: "Médeia"
 # Eastern Thrace - Turkish
 STATE_EASTERN_THRACE_turkish: "Doğu Trakya"
 HUB_NAME_STATE_EASTERN_THRACE_city_turkish: "Kostantiniyye"
 HUB_NAME_STATE_EASTERN_THRACE_port_turkish: "Gelibolu"
 HUB_NAME_STATE_EASTERN_THRACE_mine_turkish: "Kırk Kilise"
 HUB_NAME_STATE_EASTERN_THRACE_farm_turkish: "Edirne"
 HUB_NAME_STATE_EASTERN_THRACE_wood_turkish: "Midye"
 # Eastern Thrace - Russian
 STATE_EASTERN_THRACE_russian: "Vostochnaya Frakiya"
 HUB_NAME_STATE_EASTERN_THRACE_city_russian: "Konstantinopol"
 HUB_NAME_STATE_EASTERN_THRACE_port_russian: "Gallipoli"
 HUB_NAME_STATE_EASTERN_THRACE_mine_russian: "Kyrkkilise"
 HUB_NAME_STATE_EASTERN_THRACE_farm_russian: "Adrianopol"
 HUB_NAME_STATE_EASTERN_THRACE_wood_russian: "Midia"
 HUB_NAME_STATE_EASTERN_THRACE_city_russian_tsargrad: "Tsargrad"
 # Eastern Thrace - Bulgarian
 STATE_EASTERN_THRACE_bulgarian: "Iztochna Trakiya"
 HUB_NAME_STATE_EASTERN_THRACE_city_bulgarian: "Konstantinopol"
 HUB_NAME_STATE_EASTERN_THRACE_port_bulgarian: "Galipoli"
 HUB_NAME_STATE_EASTERN_THRACE_mine_bulgarian: "Lozengrad"
 HUB_NAME_STATE_EASTERN_THRACE_farm_bulgarian: "Odrin"
 HUB_NAME_STATE_EASTERN_THRACE_wood_bulgarian: "Midiya"
 HUB_NAME_STATE_EASTERN_THRACE_city_bulgarian_tsarigrad: "Tsarigrad"

 ### East Aegean Islands
 # East Aegean Islands - Greek
 STATE_EAST_AEGEAN_ISLANDS_greek: "Anatolikaí Aigaíai Nēsoi"
 HUB_NAME_STATE_EAST_AEGEAN_ISLANDS_city_greek: "Chíos"
 HUB_NAME_STATE_EAST_AEGEAN_ISLANDS_port_greek: "Ródos"
 HUB_NAME_STATE_EAST_AEGEAN_ISLANDS_farm_greek: "Mytilēnē"
 HUB_NAME_STATE_EAST_AEGEAN_ISLANDS_wood_greek: "Vathý"
 # East Aegean Islands - Turkish
 STATE_EAST_AEGEAN_ISLANDS_turkish: "Doğu Ege Adaları"
 HUB_NAME_STATE_EAST_AEGEAN_ISLANDS_city_turkish: "Sakız"
 HUB_NAME_STATE_EAST_AEGEAN_ISLANDS_port_turkish: "Rodos"
 HUB_NAME_STATE_EAST_AEGEAN_ISLANDS_farm_turkish: "Midilli"
 HUB_NAME_STATE_EAST_AEGEAN_ISLANDS_wood_turkish: "Sisam"

 ### Cyprus
 # Cyprus - Greek
 STATE_CYPRUS_greek: "Kýpros"
 HUB_NAME_STATE_CYPRUS_city_greek: "Lefkosía"
 HUB_NAME_STATE_CYPRUS_port_greek: "Lárnaka"
 HUB_NAME_STATE_CYPRUS_farm_greek: "Lefka"
 HUB_NAME_STATE_CYPRUS_wood_greek: "Lemesós"
 # Cyprus - Turkish
 STATE_CYPRUS_turkish: "Kıbrıs"
 HUB_NAME_STATE_CYPRUS_city_turkish: "Lefkoşa"
 HUB_NAME_STATE_CYPRUS_port_turkish: "Larnaka"
 HUB_NAME_STATE_CYPRUS_farm_turkish: "Lefke"
 HUB_NAME_STATE_CYPRUS_wood_turkish: "Limasol"

 ################################################ Asia

 ### Aydin
 # Aydin - Greek
 STATE_AYDIN_greek: "Iōnía"
 HUB_NAME_STATE_AYDIN_city_greek: "Smýrni"
 HUB_NAME_STATE_AYDIN_port_greek: "Dardanéllia"
 HUB_NAME_STATE_AYDIN_mine_greek: "Moúgla"
 HUB_NAME_STATE_AYDIN_farm_greek: "Magnēsía"
 HUB_NAME_STATE_AYDIN_wood_greek: "Aidiníon"

 ### Hudavendigar
 # Hudavendigar - Greek
 STATE_HUDAVENDIGAR_greek: "Vithynía"
 HUB_NAME_STATE_HUDAVENDIGAR_city_greek: "Proúsa"
 HUB_NAME_STATE_HUDAVENDIGAR_port_greek: "Nikomédeia"
 HUB_NAME_STATE_HUDAVENDIGAR_mine_greek: "Vithýnio"
 HUB_NAME_STATE_HUDAVENDIGAR_farm_greek: "Pēgaí"
 HUB_NAME_STATE_HUDAVENDIGAR_wood_greek: "Palaiókastron"

 # Sakhalin - Japanese
 STATE_SAKHALIN_japanese: "Karafuto"
 HUB_NAME_STATE_SAKHALIN_city_japanese: "Toyohara"
 HUB_NAME_STATE_SAKHALIN_port_japanese: "Otomari"
 HUB_NAME_STATE_SAKHALIN_mine_japanese: "Shisuka"
 HUB_NAME_STATE_SAKHALIN_farm_japanese: "Okutan"
 HUB_NAME_STATE_SAKHALIN_wood_japanese: "Ako" # using the later 20th century name rather than the 19th c. Ochishi
 #
 HUB_NAME_STATE_KANTO_city_meiji: "Tokyo"

 ### West Java
 HUB_NAME_STATE_WEST_JAVA_city_jakarta: "Jakarta"

 ## Madras (sr)
 ### Kurnool
 STATE_KURNOOL_indian: "Rayalaseema"
 HUB_NAME_STATE_KURNOOL_city_indian: "Kurnool"
 HUB_NAME_STATE_KURNOOL_mine_indian: "Ballari"
 HUB_NAME_STATE_KURNOOL_farm_indian: "Anantapuramu"
 HUB_NAME_STATE_KURNOOL_wood_indian: "Kadapa"

 ### Madras
 STATE_MADRAS_indian: "Tamil Nadu"
 HUB_NAME_STATE_MADRAS_city_indian: "Chennai"
 HUB_NAME_STATE_MADRAS_mine_indian: "Selam"
 HUB_NAME_STATE_MADRAS_port_indian: "Puducherry"
 HUB_NAME_STATE_MADRAS_farm_indian: "Thanjavur"
 HUB_NAME_STATE_MADRAS_wood_indian: "Madurai"

 ### Travancore
 STATE_TRAVANCORE_indian: "Kerala"
 HUB_NAME_STATE_TRAVANCORE_city_indian: "Kozhikode"
 HUB_NAME_STATE_TRAVANCORE_mine_indian: "Kannur"
 HUB_NAME_STATE_TRAVANCORE_port_indian: "Kochi"
 HUB_NAME_STATE_TRAVANCORE_farm_indian: "Thiruvananthapuram"
 HUB_NAME_STATE_TRAVANCORE_wood_indian: "Beypur"

 ### Mysore
 STATE_MYSORE_indian: "Mysuru"
 HUB_NAME_STATE_MYSORE_city_indian: "Bengaluru"
 HUB_NAME_STATE_MYSORE_mine_indian: "Chitradurga"
 HUB_NAME_STATE_MYSORE_port_indian: "Mangaluru"
 HUB_NAME_STATE_MYSORE_farm_indian: "Mysuru"
 HUB_NAME_STATE_MYSORE_wood_indian: "Shivamogga"

 ### Circars
 STATE_CIRCARS_indian: "Andhra"
 HUB_NAME_STATE_CIRCARS_city_indian: "Visakhapatnam"
 HUB_NAME_STATE_CIRCARS_mine_indian: "Jayapura"
 HUB_NAME_STATE_CIRCARS_port_indian: "Machilipatnam"
 HUB_NAME_STATE_CIRCARS_farm_indian: "Nellore"
 HUB_NAME_STATE_CIRCARS_wood_indian: "Rajamahendravaram"

 ### Hyderabad
 STATE_HYDERABAD_indian: "Hyderabad"
 HUB_NAME_STATE_HYDERABAD_city_indian: "Hyderabad"
 HUB_NAME_STATE_HYDERABAD_mine_indian: "Warangal"
 HUB_NAME_STATE_HYDERABAD_farm_indian: "Kalaburagi"
 HUB_NAME_STATE_HYDERABAD_wood_indian: "Aurangabad"

 ## Bombay (sr)
 ### Bombay
 STATE_BOMBAY_indian: "Maharashtra" # Not quite right, but close enough
 HUB_NAME_STATE_BOMBAY_city_indian: "Mumbai"
 HUB_NAME_STATE_BOMBAY_mine_indian: "Ratnagiri"
 HUB_NAME_STATE_BOMBAY_farm_indian: "Pune"
 HUB_NAME_STATE_BOMBAY_wood_indian: "Kolhapur"
 HUB_NAME_STATE_BOMBAY_port_indian: "Panaji"

 ### Gujarat
 STATE_GUJARAT_indian: "Gujarat"
 HUB_NAME_STATE_GUJARAT_city_indian: "Ahmedabad"
 HUB_NAME_STATE_GUJARAT_mine_indian: "Rajkot"
 HUB_NAME_STATE_GUJARAT_farm_indian: "Vadodara"
 HUB_NAME_STATE_GUJARAT_wood_indian: "Bhavnagar"
 HUB_NAME_STATE_GUJARAT_port_indian: "Surat"

 ## Bengal (sr)
 ### West Bengal
 STATE_WEST_BENGAL_indian: "Poshchim Bongo"
 HUB_NAME_STATE_WEST_BENGAL_city_indian: "Kolkata"
 HUB_NAME_STATE_WEST_BENGAL_mine_indian: "Asansol"
 HUB_NAME_STATE_WEST_BENGAL_farm_indian: "Bardhaman"
 HUB_NAME_STATE_WEST_BENGAL_wood_indian: "Jalpaiguri"
 HUB_NAME_STATE_WEST_BENGAL_port_indian: "Hajipur"

 ### East Bengal
 STATE_EAST_BENGAL_indian: "Purbo Bongo"
 HUB_NAME_STATE_EAST_BENGAL_city_indian: "Dhaka"
 HUB_NAME_STATE_EAST_BENGAL_mine_indian: "Sylhet"
 HUB_NAME_STATE_EAST_BENGAL_farm_indian: "Mymensingh"
 HUB_NAME_STATE_EAST_BENGAL_wood_indian: "Khulna"
 HUB_NAME_STATE_EAST_BENGAL_port_indian: "Chattogram"

 ### Assam
 STATE_ASSAM_indian: "Asama"
 HUB_NAME_STATE_ASSAM_city_indian: "Guwahati"
 HUB_NAME_STATE_ASSAM_mine_indian: "Dibrugarh"
 HUB_NAME_STATE_ASSAM_farm_indian: "Imphal"
 HUB_NAME_STATE_ASSAM_wood_indian: "Jorhat"

 ### Awadh
 STATE_AWADH_indian: "Awadh"
 HUB_NAME_STATE_AWADH_city_indian: "Lucknow"
 HUB_NAME_STATE_AWADH_mine_indian: "Mirzapur"
 HUB_NAME_STATE_AWADH_farm_indian: "Varanasi"
 HUB_NAME_STATE_AWADH_wood_indian: "Gorakhpur"

 ### Orissa
 STATE_ORISSA_indian: "Odisha"
 HUB_NAME_STATE_ORISSA_city_indian: "Cuttack"
 HUB_NAME_STATE_ORISSA_mine_indian: "Keonjhar"
 HUB_NAME_STATE_ORISSA_farm_indian: "Puri"
 HUB_NAME_STATE_ORISSA_wood_indian: "Sambalpur"
 HUB_NAME_STATE_ORISSA_port_indian: "Baleshwar"

 ## Punjab / Delhi
 ### Delhi
 STATE_DELHI_indian: "Delhi"
 HUB_NAME_STATE_DELHI_city_indian: "Delhi"
 HUB_NAME_STATE_DELHI_mine_indian: "Hisar"
 HUB_NAME_STATE_DELHI_farm_indian: "Karnal"
 HUB_NAME_STATE_DELHI_wood_indian: "Ambala"

 ### Rajputana
 STATE_RAJPUTANA_indian: "Rajasthan"
 HUB_NAME_STATE_RAJPUTANA_city_indian: "Jaipur"
 HUB_NAME_STATE_RAJPUTANA_mine_indian: "Jodhpur"
 HUB_NAME_STATE_RAJPUTANA_farm_indian: "Ajmer"
 HUB_NAME_STATE_RAJPUTANA_wood_indian: "Udaipur"

 ### Hill Punjab
 STATE_HILL_PUNJAB_indian: "Pahari Punjab"
 HUB_NAME_STATE_HILL_PUNJAB_city_indian: "Ludhiana"
 HUB_NAME_STATE_HILL_PUNJAB_mine_indian: "Shimla"
 HUB_NAME_STATE_HILL_PUNJAB_farm_indian: "Amritsar"
 HUB_NAME_STATE_HILL_PUNJAB_wood_indian: "Patiala"

 ## Central India
 ### Agra
 STATE_AGRA_indian: "Agra"
 HUB_NAME_STATE_AGRA_city_indian: "Agra"
 HUB_NAME_STATE_AGRA_mine_indian: "Almora"
 HUB_NAME_STATE_AGRA_farm_indian: "Kanpur"
 HUB_NAME_STATE_AGRA_wood_indian: "Meerut"

 ### Central Provinces
 STATE_CENTRAL_PROVINCES_indian: "Madhya Pradesh"
 HUB_NAME_STATE_CENTRAL_PROVINCES_city_indian: "Nagpur"
 HUB_NAME_STATE_CENTRAL_PROVINCES_mine_indian: "Raipur"
 HUB_NAME_STATE_CENTRAL_PROVINCES_farm_indian: "Sagar"
 HUB_NAME_STATE_CENTRAL_PROVINCES_wood_indian: "Jabalpur"

 # Amur - Chinese by default
 STATE_AMUR_russian: "Amur"
 HUB_NAME_STATE_AMUR_city_russian: "Blagoveshchensk"
 HUB_NAME_STATE_AMUR_port_russian: "Nikolayevsk-on-Amur"
 HUB_NAME_STATE_AMUR_mine_russian: "Zeysky Sklad"
 HUB_NAME_STATE_AMUR_farm_russian: "Svobodny"
 HUB_NAME_STATE_AMUR_wood_russian: "Raychikha"

 # Primorye - Chinese by default
 STATE_OUTER_MANCHURIA_russian: "Primorye"
 HUB_NAME_STATE_OUTER_MANCHURIA_city_russian: "Khabarovka"
 HUB_NAME_STATE_OUTER_MANCHURIA_port_russian: "Vladivostok"
 HUB_NAME_STATE_OUTER_MANCHURIA_mine_russian: "Dalnegorsk"
 HUB_NAME_STATE_OUTER_MANCHURIA_farm_russian: "Grafskaya"
 HUB_NAME_STATE_OUTER_MANCHURIA_wood_russian: "Imperatorskaya Gavan"

 ### Indochina Strategic region
 # Tonkin
 STATE_TONKIN_vietnamese: "Bac Ky"

 # Annam
 STATE_ANNAM_vietnamese: "Trung Ky"
 HUB_NAME_STATE_ANNAM_port_french: "Tourane"

 # Mekong
 STATE_MEKONG_vietnamese: "Nam Ky"
 STATE_MEKONG_french: "Cochinchine"
 HUB_NAME_STATE_MEKONG_port_french: "Cap Saint-Jacques"

 # Cambodia
 STATE_CAMBODIA_khmer: "Kampuchea"
 STATE_CAMBODIA_french: "Cambodge"
 STATE_CAMBODIA_vietnamese_monarchy: "Tran Tay Thanh"
 HUB_NAME_STATE_CAMBODIA_city_vietnamese: "Nam Vang"

 # Laos
 STATE_LAOS_vietnamese_monarchy: "Tran Ninh"

 #### AFRICA ####

 ### Tunisia
 # Italian
 STATE_TUNISIA_italian: "Tunisia"
 HUB_NAME_STATE_TUNISIA_city_italian: "Tunisi"
 HUB_NAME_STATE_TUNISIA_port_italian: "Safasso"
 #HUB_NAME_STATE_TUNISIA_mine:0 "Kasserine"
 #HUB_NAME_STATE_TUNISIA_farm:0 "Gabés"
 #HUB_NAME_STATE_TUNISIA_wood:0 "Beja"

 ### Bas-Congo
 # Belgian
 STATE_BAS_CONGO_french: "Bas-Congo"
 HUB_NAME_STATE_BAS_CONGO_city_french: "Léopoldville"
 HUB_NAME_STATE_BAS_CONGO_port_french: "Muanda"      # same nameform in French
 HUB_NAME_STATE_BAS_CONGO_mine_french: "Kenge"       # same nameform in French
 HUB_NAME_STATE_BAS_CONGO_farm_french: "Kikwit"      # same nameform in French
 HUB_NAME_STATE_BAS_CONGO_wood_french: "Banningville"
 #
 STATE_BAS_CONGO_dutch: "Beneden-Congo" # Neder-Congo is also a valid name
 HUB_NAME_STATE_BAS_CONGO_city_dutch: "Leopoldstad"

 ### Congo
 # French
 HUB_NAME_STATE_CONGO_city_french: "Brazzaville"
 HUB_NAME_STATE_CONGO_port_french: "Pointe-Noire"
 HUB_NAME_STATE_CONGO_farm_french: "Dolisie"
 # Portuguese
 HUB_NAME_STATE_CONGO_port_portuguese: "Ponta Negra"

 ### North Cameroon
 # German
 STATE_NORTH_CAMEROON_german: "Nordkamerun"
 HUB_NAME_STATE_NORTH_CAMEROON_city_german: "Ngaundere"
 # French
 STATE_NORTH_CAMEROON_french: "Nord Cameroun"

 ### South Cameroon
 # German
 STATE_SOUTH_CAMEROON_german: "Südkamerun"
 HUB_NAME_STATE_SOUTH_CAMEROON_city_german: "Jaunde"
 HUB_NAME_STATE_SOUTH_CAMEROON_port_german: "Duala"
 HUB_NAME_STATE_SOUTH_CAMEROON_mine_german: "Bertua"
 # French
 STATE_SOUTH_CAMEROON_french: "Sud Cameroun"
 HUB_NAME_STATE_SOUTH_CAMEROON_city_french: "Yaoundé"
 # Portuguese
 HUB_NAME_STATE_SOUTH_CAMEROON_port_portuguese: "Rio dos Camarões"

 ### Namaqualand
 # German
 HUB_NAME_STATE_NAMAQUALAND_port_german: "Lüderitz"
 # Boer/Afrikans
 STATE_NAMAQUALAND_boer: "Namakwaland"

 ### Equateur
 # Belgian & French
 HUB_NAME_STATE_EQUATEUR_city_bel: "Équateurville"

 ### Congo Orientale/Lualaba
 # Belgian & French
 STATE_CONGO_ORIENTALE_bel: "Congo Orientale"
 HUB_NAME_STATE_CONGO_ORIENTALE_city_bel: "Stanleyville"
 # Dutch
 STATE_CONGO_ORIENTALE_dutch: "Oost-Kongo"
 HUB_NAME_STATE_CONGO_ORIENTALE_city_dutch: "Stanleystad"
 # British
 STATE_CONGO_ORIENTALE_uk: "East Congo"
 HUB_NAME_STATE_CONGO_ORIENTALE_city_uk: "Falls Station"


 ## Senegal (Region)
 ### Liberia / Grain Coast
 # English (Liberian)
 STATE_LIBERIA_english_liberia: "Liberia"
 HUB_NAME_STATE_LIBERIA_city_english_liberia: "Monrovia"
 HUB_NAME_STATE_LIBERIA_port_english_liberia: "Buchanan"
 HUB_NAME_STATE_LIBERIA_mine_english_liberia: "Vaitown"
 HUB_NAME_STATE_LIBERIA_farm_english_liberia: "Greenville"
 HUB_NAME_STATE_LIBERIA_wood_english_liberia: "Harper"

 ### Gold Coast
 # Danish
 STATE_GOLD_COAST_danish_full: "Guldkysten"
 STATE_GOLD_COAST_danish_partial: "Danske Guldkyst"
 HUB_NAME_STATE_GOLD_COAST_city_danish: "Kumasi"
 HUB_NAME_STATE_GOLD_COAST_port_danish: "Christiansborg"
 HUB_NAME_STATE_GOLD_COAST_mine_danish: "Tamale"
 HUB_NAME_STATE_GOLD_COAST_farm_danish: "Frederiksborg"
 HUB_NAME_STATE_GOLD_COAST_wood_danish: "Bolgatanga"
 # Dutch
 STATE_GOLD_COAST_dutch_full: "Goudkust"
 STATE_GOLD_COAST_dutch_partial: "Nederlandse Goudkust"
 HUB_NAME_STATE_GOLD_COAST_city_dutch: "Kumasi"
 HUB_NAME_STATE_GOLD_COAST_port_dutch: "Accra"
 HUB_NAME_STATE_GOLD_COAST_mine_dutch: "Tamale"
 HUB_NAME_STATE_GOLD_COAST_farm_dutch: "Kustkaap"
 HUB_NAME_STATE_GOLD_COAST_wood_dutch: "Bolgatanga"
 # Akan
 STATE_GOLD_COAST_akan: "Asanteman"
 HUB_NAME_STATE_GOLD_COAST_city_akan: "Kumasi"
 HUB_NAME_STATE_GOLD_COAST_port_akan: "Nkran"
 HUB_NAME_STATE_GOLD_COAST_mine_akan: "Tamale"
 HUB_NAME_STATE_GOLD_COAST_farm_akan: "Oguaa"
 HUB_NAME_STATE_GOLD_COAST_wood_akan: "Bolgatanga"

 ### Senegal
 # French
 STATE_SENEGAL_french: "Sénégal"
 HUB_NAME_STATE_SENEGAL_city_french: "Saint-Louis"
 HUB_NAME_STATE_SENEGAL_port_french: "Dakar"
 HUB_NAME_STATE_SENEGAL_mine_french: "Thiès"
 HUB_NAME_STATE_SENEGAL_farm_french: "Bathurst"
 HUB_NAME_STATE_SENEGAL_wood_french: "Ziguinchor"
 # English
 STATE_SENEGAL_english: "Gambia"
 HUB_NAME_STATE_SENEGAL_city_english: "St. Louis"
 HUB_NAME_STATE_SENEGAL_port_english: "Dakar"
 HUB_NAME_STATE_SENEGAL_mine_english: "Thiès"
 HUB_NAME_STATE_SENEGAL_farm_english: "Bathurst"
 HUB_NAME_STATE_SENEGAL_wood_english: "Ziguinchor"
 # Portuguese
 STATE_SENEGAL_portuguese: "Casamança"
 HUB_NAME_STATE_SENEGAL_city_portuguese: "São Luís"
 HUB_NAME_STATE_SENEGAL_port_portuguese: "Dacar"
 HUB_NAME_STATE_SENEGAL_mine_portuguese: "Thiès"
 HUB_NAME_STATE_SENEGAL_farm_portuguese: "Bathurst"
 HUB_NAME_STATE_SENEGAL_wood_portuguese: "Singinchor"

 ### Senegal
 # French
 STATE_GUINEA_french: "Guinée"
 HUB_NAME_STATE_GUINEA_city_french: "Kindia"
 HUB_NAME_STATE_GUINEA_port_french: "Conakry"
 HUB_NAME_STATE_GUINEA_mine_french: "Labé"
 HUB_NAME_STATE_GUINEA_farm_french: "Bissau"
 HUB_NAME_STATE_GUINEA_wood_french: "Kankan"
 # Portuguese
 STATE_GUINEA_portuguese: "Guiné"
 HUB_NAME_STATE_GUINEA_city_portuguese: "Kindia"
 HUB_NAME_STATE_GUINEA_port_portuguese: "Conacri"
 HUB_NAME_STATE_GUINEA_mine_portuguese: "Labé"
 HUB_NAME_STATE_GUINEA_farm_portuguese: "Bissau"
 HUB_NAME_STATE_GUINEA_wood_portuguese: "Cancan"

 # Zanj Region
 ### Lourenco Marques
 # Portuguese
 STATE_LOURENCO_MARQUES_portuguese: "Lourenço Marques"
 HUB_NAME_STATE_LOURENCO_MARQUES_city_portuguese: "Inhambane"
 HUB_NAME_STATE_LOURENCO_MARQUES_port_portuguese: "Lourenço Marques"
 HUB_NAME_STATE_LOURENCO_MARQUES_mine_portuguese: "Vila Barreto"
 HUB_NAME_STATE_LOURENCO_MARQUES_farm_portuguese: "Chai-Chai"
 HUB_NAME_STATE_LOURENCO_MARQUES_wood_portuguese: "Caniçado"

 ### Mocambique
 # Portuguese
 STATE_MOCAMBIQUE_portuguese: "Moçambique"
 HUB_NAME_STATE_MOCAMBIQUE_city_portuguese: "Angoche"
 HUB_NAME_STATE_MOCAMBIQUE_port_portuguese: "Moçambique"
 HUB_NAME_STATE_MOCAMBIQUE_mine_portuguese: "Vila Junqueiro"
 HUB_NAME_STATE_MOCAMBIQUE_farm_portuguese: "Mocuba"
 HUB_NAME_STATE_MOCAMBIQUE_wood_portuguese: "Vila Cabral"

 ### Zambezia
 # Portuguese
 STATE_ZAMBEZIA_portuguese: "Zambézia"
 HUB_NAME_STATE_ZAMBEZIA_city_portuguese: "Quilimane"
 HUB_NAME_STATE_ZAMBEZIA_port_portuguese: "Sofala"
 HUB_NAME_STATE_ZAMBEZIA_mine_portuguese: "Manje"
 HUB_NAME_STATE_ZAMBEZIA_farm_portuguese: "Mopeia"
 HUB_NAME_STATE_ZAMBEZIA_wood_portuguese: "Tete"

 ### South Cameroon
 # English
 STATE_SOUTH_CAMEROON_english: "South Cameroon"
 STATE_SOUTH_CAMEROON_fernando_po_english: "Fernando Po"
 HUB_NAME_STATE_SOUTH_CAMEROON_city_english: "Yeonde"
 HUB_NAME_STATE_SOUTH_CAMEROON_port_english: "Douala"
 HUB_NAME_STATE_SOUTH_CAMEROON_mine_english: "Bertoua"
 HUB_NAME_STATE_SOUTH_CAMEROON_farm_english: "Port Clarence"
 HUB_NAME_STATE_SOUTH_CAMEROON_wood_english: "Ebolowa"
 # Spanish
 STATE_SOUTH_CAMEROON_spanish: "Camerún del Sur"
 STATE_SOUTH_CAMEROON_fernando_po_spanish: "Fernando Poo"
 HUB_NAME_STATE_SOUTH_CAMEROON_city_spanish: "Yeonde Station"
 HUB_NAME_STATE_SOUTH_CAMEROON_port_spanish: "Douala"
 HUB_NAME_STATE_SOUTH_CAMEROON_mine_spanish: "Bertoua"
 HUB_NAME_STATE_SOUTH_CAMEROON_farm_spanish: "Santa Isabel"
 HUB_NAME_STATE_SOUTH_CAMEROON_wood_spanish: "Ebolowa"
 # Portuguese
 STATE_SOUTH_CAMEROON_sao_tome_portuguese: "São Tomé e Príncipe"

 # Southern Africa region
 ### Transvaal
 STATE_TRANSVAAL_southern_bantu: "Lekwa" # Sotho name for the Vaal River
 HUB_NAME_STATE_TRANSVAAL_city_southern_bantu: "Tshwane" # Tswana. Pre-Trek toponymy is a bit nebulous, but Chief Tshwane himself might owe his name to a local placename
 HUB_NAME_STATE_TRANSVAAL_port_southern_bantu: "$STATE_TRANSVAAL_southern_bantu$"
 HUB_NAME_STATE_TRANSVAAL_mine_southern_bantu: "Phokeng" # Sotho. 'Place of Dew'
 HUB_NAME_STATE_TRANSVAAL_farm_southern_bantu: "Nkomazi" # Swazi. 'River of Cows', in reference to the Komati River which Komatipoort gets its name from
 HUB_NAME_STATE_TRANSVAAL_wood_southern_bantu: "Gauteng" # Sotho & Twsana. 'Place of Gold'

 STATE_TRANSVAAL_zulu: "Ikwa" # Zulu name for the Vaal River
 HUB_NAME_STATE_TRANSVAAL_city_zulu: "$HUB_NAME_STATE_TRANSVAAL_city_southern_bantu$" # Same as general Bantu name. iPitoli is a Zulu name for Pretoria, but I'm pretty sure it's derived /from/ the name Pretoria
 HUB_NAME_STATE_TRANSVAAL_cuty_zulu: "$STATE_TRANSVAAL_zulu$"
 HUB_NAME_STATE_TRANSVAAL_mine_zulu: "$HUB_NAME_STATE_TRANSVAAL_mine_southern_bantu$" # Same as general Bantu name.
 HUB_NAME_STATE_TRANSVAAL_farm_zulu: "$HUB_NAME_STATE_TRANSVAAL_farm_southern_bantu$" # Same as general Bantu name.
 HUB_NAME_STATE_TRANSVAAL_wood_zulu: "eGoli" # Zulu, 'Place of Gold'

 ### Zululand
 STATE_ZULULAND_boer: "Natal"
 HUB_NAME_STATE_ZULULAND_city_boer: "Vryheid"
 HUB_NAME_STATE_ZULULAND_port_boer: "Port Natal"
 HUB_NAME_STATE_ZULULAND_mine_boer: "Viljoensdorp"
 HUB_NAME_STATE_ZULULAND_farm_boer: "Marburg"
 HUB_NAME_STATE_ZULULAND_wood_boer: "Pietermaritzburg"
 #
 HUB_NAME_STATE_ZULULAND_city_british: "Melmoth"
 HUB_NAME_STATE_ZULULAND_port_british: "Durban"
 HUB_NAME_STATE_ZULULAND_mine_british: "Newcastle"
 HUB_NAME_STATE_ZULULAND_farm_british: "Margate"
 HUB_NAME_STATE_ZULULAND_wood_british: "$HUB_NAME_STATE_ZULULAND_wood_boer$"

 ### Transorangia/Vrystaat
 STATE_VRYSTAAT_boer: "Vrystaat"
 STATE_VRYSTAAT_anglophone: "Orange River"

 ##################################################### The Americas

 ### North Dakota
 HUB_NAME_STATE_NORTH_DAKOTA_city_bismarck: "Bismarck"

 ### Washington
 STATE_WASHINGTON_usa: "Washington"
 HUB_NAME_STATE_WASHINGTON_city_usa: "Seattle"

 ### Ohio
 STATE_OHIO_michigander: "South Michigan"

 ### District of Columbia
 HUB_NAME_STATE_DISTRICT_OF_COLUMBIA_city_uk: "Cockburn" # after Sir George Cockburn and his feat of 1814

 ### Canada
 # British Columbia
 STATE_BRITISH_COLUMBIA_british: "British Columbia"

 ### Ontario
 HUB_NAME_STATE_ONTARIO_city_ottawa: "Ottawa"

 ### Santa Catarina
 HUB_NAME_STATE_SANTA_CATARINA_port_bra_republic: "Florianópolis"

 ## Caribbean Region
 ### Western Cuba
 # Spanish
 STATE_WESTERN_CUBA_spanish: "Cuba Occidental"
 HUB_NAME_STATE_WESTERN_CUBA_city_spanish: "La Habana"
 HUB_NAME_STATE_WESTERN_CUBA_port_spanish: "Mariel"
 HUB_NAME_STATE_WESTERN_CUBA_mine_spanish: "Matanzas"
 HUB_NAME_STATE_WESTERN_CUBA_farm_spanish: "Pinar del Río"
 HUB_NAME_STATE_WESTERN_CUBA_wood_spanish: "Nueva Gerona"

 ### Central Cuba
 # Spanish
 STATE_CENTRAL_CUBA_spanish: "Cuba Central"
 HUB_NAME_STATE_CENTRAL_CUBA_city_spanish: "Puerto Príncipe"
 HUB_NAME_STATE_CENTRAL_CUBA_port_spanish: "Cienfuegos"
 HUB_NAME_STATE_CENTRAL_CUBA_mine_spanish: "Santo Espíritu"
 HUB_NAME_STATE_CENTRAL_CUBA_farm_spanish: "Trinidad"
 HUB_NAME_STATE_CENTRAL_CUBA_wood_spanish: "Ciego de Ávila"

 ### Eastern Cuba
 # Spanish
 STATE_EASTERN_CUBA_spanish: "Cuba Oriental"
 HUB_NAME_STATE_EASTERN_CUBA_city_spanish: "Santiago de Cuba"
 HUB_NAME_STATE_EASTERN_CUBA_port_spanish: "Bahía de Guantánamo"
 HUB_NAME_STATE_EASTERN_CUBA_mine_spanish: "Holguín"
 HUB_NAME_STATE_EASTERN_CUBA_farm_spanish: "Bayamo"
 HUB_NAME_STATE_EASTERN_CUBA_wood_spanish: "Baracoa"

 ### Haiti
 # French
 STATE_HAITI_french_whole: "Ouest de Saint-Domingue"
 STATE_HAITI_french_part: "Saint-Domingue"
 HUB_NAME_STATE_HAITI_city_french: "Port-au-Prince"
 HUB_NAME_STATE_HAITI_port_french: "Môle-Saint-Nicolas"
 HUB_NAME_STATE_HAITI_mine_french: "Les Cayes"
 HUB_NAME_STATE_HAITI_farm_french: "Cap‑Français"
 HUB_NAME_STATE_HAITI_wood_french: "Les Gonaïves"
 # French (Haiti)
 STATE_HAITI_french_haiti_whole: "Ouest d’Hayti"
 STATE_HAITI_french_haiti_part: "Hayti"
 HUB_NAME_STATE_HAITI_city_french_haiti: "Port-au-Prince"
 HUB_NAME_STATE_HAITI_port_french_haiti: "Môle-Saint-Nicolas"
 HUB_NAME_STATE_HAITI_mine_french_haiti: "Les Cayes"
 HUB_NAME_STATE_HAITI_farm_french_haiti: "Cap‑Haytien"
 HUB_NAME_STATE_HAITI_wood_french_haiti: "Les Gonaïves"
 # Spanish
 STATE_HAITI_spanish_whole: "Santo Domingo Occidental"
 STATE_HAITI_spanish_part: "Santo Domingo"
 HUB_NAME_STATE_HAITI_city_spanish: "Puerto Príncipe"
 HUB_NAME_STATE_HAITI_port_spanish: "Mole San Nicolás"
 HUB_NAME_STATE_HAITI_mine_spanish: "Los Cayos"
 HUB_NAME_STATE_HAITI_farm_spanish: "Cabo Haitiano"
 HUB_NAME_STATE_HAITI_wood_spanish: "Gonaives"

 ### SANTO_DOMINGO
 # French
 STATE_SANTO_DOMINGO_french_whole: "Est de Saint-Domingue"
 STATE_SANTO_DOMINGO_french_part: "Saint-Domingue"
 HUB_NAME_STATE_SANTO_DOMINGO_city_french: "Saint-Domingue"
 HUB_NAME_STATE_SANTO_DOMINGO_port_french: "Samaná"
 HUB_NAME_STATE_SANTO_DOMINGO_mine_french: "Azua"
 HUB_NAME_STATE_SANTO_DOMINGO_farm_french: "La Vega"
 HUB_NAME_STATE_SANTO_DOMINGO_wood_french: "Saint-Yague"
 # French (Haiti)
 STATE_SANTO_DOMINGO_french_haiti_whole: "Est d’Hayti"
 STATE_SANTO_DOMINGO_french_haiti_part: "Hayti"
 HUB_NAME_STATE_SANTO_DOMINGO_city_french_haiti: "Saint-Domingue"
 HUB_NAME_STATE_SANTO_DOMINGO_port_french_haiti: "Samaná"
 HUB_NAME_STATE_SANTO_DOMINGO_mine_french_haiti: "Azua"
 HUB_NAME_STATE_SANTO_DOMINGO_farm_french_haiti: "La Vega"
 HUB_NAME_STATE_SANTO_DOMINGO_wood_french_haiti: "Saint-Yague"
 # Spanish
 STATE_SANTO_DOMINGO_spanish_whole: "Santo Domingo Oriental"
 STATE_SANTO_DOMINGO_spanish_part: "Santo Domingo"
 HUB_NAME_STATE_SANTO_DOMINGO_city_spanish: "Santo Domingo"
 HUB_NAME_STATE_SANTO_DOMINGO_port_spanish: "Santa Bárbara de Samaná"
 HUB_NAME_STATE_SANTO_DOMINGO_mine_spanish: "Azua de Compostela"
 HUB_NAME_STATE_SANTO_DOMINGO_farm_spanish: "Concepción de la Vega"
 HUB_NAME_STATE_SANTO_DOMINGO_wood_spanish: "Santiago de los Caballeros"
